grade,OrganizationId,Group,Administration,ELA - Below Basic No.,ELA - Below Basic %,ELA - Basic No.,ELA - Basic %,ELA - Proficient No.,ELA - Proficient %,ELA - Advanced No.,ELA - Advanced %,ELA Proficient and Advanced %,,Mathematics - Below Basic No.,Mathematics - Below Basic %,Mathematics - Basic No.,Mathematics - Basic %,Mathematics - Proficient No.,Mathematics - Proficient %,Mathematics - Advanced No.,Mathematics - Advanced %,Math Proficient and Advanced %,
3,0,State,2019,15605,31,15501,30,14889,29,4893,10,39,39,11069,22,17949,35,13063,26,8764,17,43,43
3,01C019,Peavine,2019,***,***,***,***,6,50,***,***,50,50,***,***,4,33,5,42,***,***,42,42
3,01C022,Maryetta,2019,17,30,24,43,***,***,***,***,0,***,12,21,***,***,12,21,***,***,21,21
3,01C024,Rocky Mountain,2019,12,57,***,***,5,24,***,***,24,24,6,29,8,38,***,***,***,***,0,***
3,01C028,Zion,2019,7,22,9,28,***,***,***,***,0,***,6,19,5,16,13,41,8,25,66,66
3,01C029,Dahlonegah,2019,***,***,13,72,4,22,***,***,22,22,***,***,13,72,***,***,***,***,0,***
3,01C032,Greasy,2019,***,***,***,***,***,***,***,***,0,***,***,***,***,***,***,***,***,***,0,***
3,01I004,Watts,2019,6,43,***,***,5,36,***,***,36,36,***,***,7,50,***,***,***,***,0,***
3,01I011,Westville,2019,25,35,20,28,19,26,8,11,37,37,12,17,25,35,21,29,14,19,48,48
3,01I025,Stilwell,2019,***,***,24,45,10,19,***,***,19,19,23,43,21,40,***,***,***,***,0,***
3,01I030,Cave Springs,2019,***,***,***,***,***,***,***,***,0,***,***,***,***,***,***,***,***,***,0,***
3,02I001,Burlington,2019,***,***,5,36,5,36,***,***,36,36,***,***,7,50,5,36,***,***,36,36
3,02I046,Cherokee,2019,***,***,4,14,15,54,***,***,54,54,***,***,6,21,9,32,***,***,32,32
3,02I093,Timberlake,2019,***,***,12,43,9,32,***,***,32,32,***,***,9,32,***,***,4,14,14,14
3,03C021,Harmony,2019,***,***,11,48,7,30,***,***,30,30,***,***,12,52,***,***,5,22,22,22
3,03C022,Lane,2019,***,***,6,32,8,42,***,***,42,42,***,***,***,***,4,22,4,22,44,44
3,03I007,Stringtown,2019,***,***,***,***,9,56,***,***,56,56,***,***,***,***,9,56,4,25,81,81
3,03I015,Atoka,2019,8,17,16,35,17,37,5,11,48,48,***,***,***,***,20,43,13,28,71,71
3,03I019,Tushka,2019,4,12,14,41,12,35,4,12,47,47,***,***,***,***,12,35,6,18,53,53
3,03I026,Caney,2019,***,***,9,43,7,33,***,***,33,33,***,***,4,19,***,***,7,33,33,33
3,04I022,Beaver,2019,5,22,7,30,***,***,***,***,0,***,***,***,8,35,***,***,9,39,39,39
3,04I075,Balko,2019,***,***,***,***,6,60,***,***,60,60,***,***,4,40,***,***,4,40,40,40
3,04I123,Forgan,2019,***,***,***,***,***,***,***,***,0,***,***,***,***,***,***,***,***,***,0,***
3,04I128,Turpin,2019,***,***,10,37,8,30,***,***,30,30,5,19,12,44,6,22,4,15,37,37
3,05I002,Merritt,2019,9,14,28,43,24,37,4,6,43,43,5,8,19,29,29,45,12,18,63,63
3,05I006,Elk City,2019,35,26,47,35,45,33,8,6,39,39,35,26,46,34,34,25,20,15,40,40
3,05I031,Sayre,2019,17,27,26,41,14,22,6,10,32,32,8,13,25,40,17,27,13,21,48,48
3,05I051,Erick,2019,***,***,***,***,4,31,5,38,69,69,***,***,5,38,***,***,6,46,46,46
3,06I009,Okeene,2019,5,21,8,33,***,***,***,***,0,***,4,17,7,29,7,29,6,25,54,54
3,06I042,Watonga,2019,14,29,***,***,14,29,***,***,29,29,7,14,29,59,6,12,7,14,26,26
3,06I080,Geary,2019,7,27,7,27,***,***,***,***,0,***,***,***,***,***,12,46,4,15,61,61
3,06I105,Canton,2019,***,***,13,42,7,23,***,***,23,23,12,39,***,***,6,19,***,***,19,19
3,07I001,Silo,2019,11,17,21,33,24,38,8,13,51,51,***,***,18,28,27,42,***,***,42,42
3,07I002,Rock Creek,2019,12,34,***,***,6,17,***,***,17,17,7,20,15,43,***,***,***,***,0,***
3,07I003,Achille,2019,6,33,5,28,***,***,***,***,0,***,***,***,***,***,5,28,6,33,61,61
3,07I004,Colbert,2019,***,***,9,17,23,43,***,***,43,43,5,9,***,***,20,38,***,***,38,38
3,07I005,Caddo,2019,11,32,10,29,***,***,***,***,0,***,5,15,13,38,***,***,***,***,0,***
3,07I040,Bennington,2019,4,22,***,***,6,33,***,***,33,33,***,***,***,***,5,28,9,50,78,78
3,07I048,Calera,2019,***,***,14,27,24,46,***,***,46,46,4,8,15,29,17,33,15,29,62,62
3,07I072,Durant,2019,46,16,72,26,118,42,45,16,58,58,27,10,74,26,87,31,93,33,64,64
3,08I011,Hydro-Eakly,2019,7,19,7,19,12,33,10,28,61,61,***,***,9,25,***,***,11,31,31,31
3,08I012,Lookeba Sickles,2019,***,***,***,***,6,55,***,***,55,55,***,***,***,***,4,36,4,36,72,72
3,08I020,Anadarko,2019,42,32,38,29,35,27,16,12,39,39,32,24,46,35,32,24,22,17,41,41
3,08I033,Carnegie,2019,5,12,8,19,22,51,8,19,70,70,5,12,18,42,15,35,5,12,47,47
3,08I056,Boone-Apache,2019,7,15,22,46,***,***,***,***,0,***,8,17,***,***,12,25,***,***,25,25
3,08I064,Cyril,2019,***,***,9,32,11,39,***,***,39,39,5,18,14,50,5,18,4,14,32,32
3,08I086,Gracemont,2019,7,50,5,36,***,***,***,***,0,***,6,43,***,***,***,***,***,***,0,***
3,08I160,Cement,2019,8,40,7,35,***,***,***,***,0,***,5,25,9,45,***,***,***,***,0,***
3,08I161,Hinton,2019,11,20,17,30,17,30,11,20,50,50,7,13,17,30,18,32,14,25,57,57
3,08I167,Fort Cobb-Broxton,2019,***,***,5,28,11,61,***,***,61,61,***,***,6,33,9,50,***,***,50,50
3,08I168,Binger-Oney,2019,5,29,***,***,7,41,***,***,41,41,4,24,7,41,***,***,***,***,0,***
3,09C029,Riverside,2019,4,27,4,27,***,***,***,***,0,***,***,***,8,53,***,***,***,***,0,***
3,09C031,Banner,2019,7,27,9,35,6,23,4,15,38,38,6,23,7,27,9,35,4,15,50,50
3,09C070,Darlington,2019,***,***,10,50,7,35,***,***,35,35,***,***,11,55,6,30,***,***,30,30
3,09C162,Maple,2019,***,***,8,36,9,41,***,***,41,41,5,23,5,23,4,18,8,36,54,54
3,09I022,Piedmont,2019,38,12,94,29,146,45,47,14,59,59,26,8,92,28,109,34,98,30,64,64
3,09I027,Yukon,2019,110,17,162,26,224,35,137,22,57,57,53,8,173,27,186,29,219,35,64,64
3,09I034,El Reno,2019,86,41,56,27,48,23,20,10,33,33,77,37,88,42,35,17,10,5,22,22
3,09I057,Union City,2019,***,***,10,40,5,20,***,***,20,20,***,***,11,44,***,***,7,28,28,28
3,09I069,Mustang,2019,154,18,278,33,306,36,113,13,49,49,91,11,298,35,254,30,208,24,54,54
3,09I076,Calumet,2019,***,***,6,30,***,***,4,20,20,20,***,***,4,20,9,45,***,***,45,45
3,10C072,Zaneis,2019,5,19,***,***,11,41,***,***,41,41,***,***,7,26,10,37,***,***,37,37
3,10I019,Ardmore,2019,80,37,77,36,48,22,9,4,26,26,59,28,88,41,51,24,16,7,31,31
3,10I021,Springer,2019,11,65,5,29,***,***,***,***,0,***,10,63,5,31,***,***,***,***,0,***
3,10I027,Plainview,2019,19,17,26,23,47,42,19,17,59,59,13,12,35,32,30,27,33,30,57,57
3,10I032,Lone Grove,2019,27,25,35,32,38,35,9,8,43,43,19,17,44,40,27,25,19,17,42,42
3,10I043,Wilson,2019,15,43,13,37,***,***,***,***,0,***,***,***,20,59,9,26,***,***,26,26
3,10I055,Healdton,2019,***,***,10,34,8,28,***,***,28,28,6,21,13,45,6,21,4,14,35,35
3,10I074,Fox,2019,8,42,9,47,***,***,***,***,0,***,10,53,6,32,***,***,***,***,0,***
3,10I077,Dickson,2019,14,15,36,40,30,33,11,12,45,45,8,9,29,32,30,33,24,26,59,59
3,11C010,Lowrey,2019,***,***,***,***,***,***,***,***,0,***,***,***,***,***,***,***,***,***,0,***
3,11C014,Norwood,2019,8,62,***,***,***,***,***,***,0,***,5,38,5,38,***,***,***,***,0,***
3,11C021,Woodall,2019,7,14,17,34,19,38,7,14,52,52,4,8,9,18,23,46,14,28,74,74
3,11C026,Shady Grove,2019,***,***,6,35,7,41,***,***,41,41,***,***,***,***,4,24,7,41,65,65
3,11C031,Peggs,2019,***,***,7,30,6,26,***,***,26,26,5,22,***,***,8,35,***,***,35,35
3,11C034,Grand View,2019,38,51,27,36,***,***,***,***,0,***,7,9,26,35,23,31,19,25,56,56
3,11C044,Briggs,2019,***,***,21,47,11,24,***,***,24,24,11,24,25,56,***,***,***,***,0,***
3,11C066,Tenkiller,2019,***,***,6,27,7,32,***,***,32,32,***,***,9,41,7,32,***,***,32,32
3,11I006,Keys,2019,8,22,11,30,6,16,12,32,48,48,4,11,11,30,9,24,13,35,59,59
3,11I016,Hulbert,2019,18,47,12,32,***,***,***,***,0,***,8,21,18,47,***,***,***,***,0,***
3,11I035,Tahlequah,2019,62,27,78,34,74,32,17,7,39,39,41,18,71,31,70,30,49,21,51,51
3,11T001,Cherokee Immersion Charter Sch,2019,***,***,***,***,***,***,***,***,0,***,***,***,***,***,***,***,***,***,0,***
3,12C021,Swink,2019,***,***,5,33,5,33,***,***,33,33,5,33,***,***,6,40,***,***,40,40
3,12I001,Boswell,2019,8,26,9,29,***,***,***,***,0,***,***,***,18,58,6,19,***,***,19,19
3,12I002,Fort Towson,2019,8,50,7,44,***,***,***,***,0,***,***,***,7,44,6,38,***,***,38,38
3,12I004,Soper,2019,***,***,12,44,6,22,***,***,22,22,4,15,20,74,***,***,***,***,0,***
3,12I039,Hugo,2019,30,36,36,43,***,***,***,***,0,***,31,37,37,45,10,12,5,6,18,18
3,13I002,Boise City,2019,6,22,15,56,***,***,***,***,0,***,***,***,20,74,***,***,***,***,0,***
3,13I010,Felt,2019,***,***,***,***,***,***,***,***,0,***,***,***,***,***,***,***,***,***,0,***
3,13I011,Keyes,2019,***,***,***,***,***,***,***,***,0,***,***,***,***,***,***,***,***,***,0,***
3,14C016,Robin Hill,2019,4,10,12,29,***,***,***,***,0,***,***,***,7,17,17,41,***,***,41,41
3,14I002,Moore,2019,369,20,591,33,632,35,221,12,47,47,287,16,653,36,517,28,360,20,48,48
3,14I029,Norman,2019,340,30,341,30,308,27,136,12,39,39,205,18,382,34,298,26,244,22,48,48
3,14I040,Noble,2019,51,23,71,32,73,33,24,11,44,44,39,18,107,49,49,22,24,11,33,33
3,14I057,Lexington,2019,23,31,28,37,18,24,6,8,32,32,14,19,40,53,16,21,5,7,28,28
3,14I070,Little Axe,2019,23,26,28,31,28,31,11,12,43,43,14,16,30,34,26,29,19,21,50,50
3,15C004,Cottonwood,2019,***,***,5,29,10,59,***,***,59,59,***,***,***,***,10,59,***,***,59,59
3,15I001,Coalgate,2019,10,30,8,24,10,30,5,15,45,45,***,***,11,33,***,***,7,21,21,21
3,15I002,Tupelo,2019,7,37,5,26,***,***,***,***,0,***,***,***,6,32,11,58,***,***,58,58
3,16C048,Flower Mound,2019,***,***,12,30,16,40,***,***,40,40,***,***,***,***,15,38,12,30,68,68
3,16C049,Bishop,2019,4,7,15,25,25,41,17,28,69,69,***,***,13,21,***,***,33,53,53,53
3,16I001,Cache,2019,33,25,39,30,44,34,15,11,45,45,25,19,56,43,36,28,13,10,38,38
3,16I002,Indiahoma,2019,7,58,4,33,***,***,***,***,0,***,***,***,7,58,***,***,***,***,0,***
3,16I003,Sterling,2019,4,14,11,38,10,34,4,14,48,48,***,***,11,38,11,38,***,***,38,38
3,16I004,Geronimo,2019,***,***,15,65,***,***,***,***,0,***,4,17,10,43,5,22,4,17,39,39
3,16I008,Lawton,2019,310,30,340,33,307,30,73,7,37,37,223,22,409,40,246,24,151,15,39,39
3,16I009,Fletcher,2019,13,33,***,***,10,25,***,***,25,25,16,40,14,35,***,***,***,***,0,***
3,16I016,Elgin,2019,32,20,51,32,58,36,20,12,48,48,20,12,65,40,46,29,30,19,48,48
3,16I132,Chattanooga,2019,8,62,***,***,4,31,***,***,31,31,8,62,***,***,***,***,***,***,0,***
3,17I001,Walters,2019,***,***,17,44,8,21,***,***,21,21,7,18,***,***,11,28,***,***,28,28
3,17I101,Temple,2019,7,44,7,44,***,***,***,***,0,***,***,***,8,50,5,31,***,***,31,31
3,17I333,Big Pasture,2019,***,***,5,36,6,43,***,***,43,43,***,***,***,***,9,64,***,***,64,64
3,18C001,White Oak,2019,***,***,***,***,***,***,***,***,0,***,***,***,***,***,***,***,***,***,0,***
3,18I006,Ketchum,2019,17,38,***,***,12,27,***,***,27,27,10,22,16,36,13,29,6,13,42,42
3,18I017,Welch,2019,***,***,4,25,10,63,***,***,63,63,***,***,***,***,7,44,4,25,69,69
3,18I020,Bluejacket,2019,8,42,8,42,***,***,***,***,0,***,5,26,9,47,***,***,***,***,0,***
3,18I065,Vinita,2019,36,35,32,31,27,26,9,9,35,35,24,23,32,31,27,26,20,19,45,45
3,19C008,Lone Star,2019,13,15,30,34,33,38,12,14,52,52,5,6,30,34,36,41,17,19,60,60
3,19C012,Gypsy,2019,***,***,***,***,***,***,***,***,0,***,***,***,***,***,***,***,***,***,0,***
3,19C034,Pretty Water,2019,14,44,15,47,***,***,***,***,0,***,***,***,16,50,5,16,***,***,16,16
3,19C035,Allen-Bowden,2019,22,69,***,***,6,19,***,***,19,19,9,28,12,38,7,22,4,13,35,35
3,19I002,Bristow,2019,28,24,43,36,39,33,9,8,41,41,21,18,52,44,35,29,11,9,38,38
3,19I003,Mannford,2019,13,14,31,34,36,40,11,12,52,52,***,***,35,38,24,26,***,***,26,26
3,19I005,Mounds,2019,8,25,8,25,12,38,4,13,51,51,***,***,***,***,12,38,6,19,57,57
3,19I017,Olive,2019,6,50,5,42,***,***,***,***,0,***,5,42,5,42,***,***,***,***,0,***
3,19I018,Kiefer,2019,12,22,18,33,17,31,7,13,44,44,8,15,20,37,17,31,9,17,48,48
3,19I020,Oilton,2019,10,43,***,***,4,17,***,***,17,17,5,22,13,57,***,***,***,***,0,***
3,19I021,Depew,2019,4,17,6,26,9,39,4,17,56,56,***,***,11,48,7,30,***,***,30,30
3,19I031,Kellyville,2019,***,***,***,***,23,46,9,18,64,64,***,***,***,***,19,38,15,30,68,68
3,19I033,Sapulpa,2019,63,25,83,33,84,34,20,8,42,42,41,16,89,36,81,32,39,16,48,48
3,19I039,Drumright,2019,13,41,16,50,***,***,***,***,0,***,11,34,17,53,***,***,***,***,0,***
3,20I005,Arapaho-Butler,2019,4,10,12,29,20,48,6,14,62,62,4,10,6,14,18,43,14,33,76,76
3,20I007,Thomas-Fay-Custer Unified Dist,2019,***,***,7,25,16,57,***,***,57,57,***,***,***,***,12,41,11,38,79,79
3,20I026,Weatherford,2019,23,14,43,27,58,36,37,23,59,59,13,8,43,27,54,34,51,32,66,66
3,20I099,Clinton,2019,36,29,40,32,40,32,9,7,39,39,31,25,54,43,29,23,11,9,32,32
3,21C006,Cleora,2019,***,***,***,***,9,53,5,29,82,82,***,***,***,***,6,35,9,53,88,88
3,21C014,Leach,2019,6,35,9,53,***,***,***,***,0,***,***,***,4,24,8,47,***,***,47,47
3,21C030,Kenwood,2019,***,***,***,***,***,***,***,***,0,***,***,***,***,***,***,***,***,***,0,***
3,21C034,Moseley,2019,***,***,5,31,4,25,***,***,25,25,***,***,7,44,5,31,***,***,31,31
3,21I001,Jay,2019,40,38,33,31,28,27,4,4,31,31,18,17,43,41,27,26,17,16,42,42
3,21I002,Grove,2019,38,20,53,28,75,40,23,12,52,52,14,7,65,34,60,32,50,26,58,58
3,21I003,Kansas,2019,10,20,20,39,15,29,6,12,41,41,6,12,20,39,19,37,6,12,49,49
3,21I004,Colcord,2019,7,21,7,21,14,42,5,15,57,57,4,12,14,42,11,33,4,12,45,45
3,21I005,Oaks-Mission,2019,***,***,***,***,***,***,***,***,0,***,***,***,***,***,***,***,***,***,0,***
3,22I005,Vici,2019,4,25,***,***,***,***,4,25,25,25,***,***,7,44,7,44,***,***,44,44
3,22I008,Seiling,2019,***,***,12,43,7,25,***,***,25,25,***,***,15,54,9,32,***,***,32,32
3,22I010,Taloga,2019,***,***,***,***,***,***,***,***,0,***,***,***,***,***,***,***,***,***,0,***
3,23I002,Fargo,2019,12,75,***,***,***,***,***,***,0,***,5,31,10,63,***,***,***,***,0,***
3,23I003,Arnett,2019,***,***,4,36,5,45,***,***,45,45,***,***,***,***,6,55,***,***,55,55
3,23I042,Shattuck,2019,***,***,7,30,***,***,5,22,22,22,***,***,9,39,***,***,5,22,22,22
3,24I001,Waukomis,2019,***,***,13,41,***,***,6,19,19,19,***,***,***,***,12,38,10,31,69,69
3,24I018,Kremlin-Hillsdale,2019,7,50,***,***,4,29,***,***,29,29,6,43,5,36,***,***,***,***,0,***
3,24I042,Chisholm,2019,11,13,19,23,34,40,20,24,64,64,7,8,19,23,37,44,21,25,69,69
3,24I047,Garber,2019,6,23,***,***,8,31,***,***,31,31,***,***,9,35,***,***,4,15,15,15
3,24I056,Pioneer-Pleasant Vale,2019,11,31,14,40,***,***,***,***,0,***,6,17,***,***,12,34,***,***,34,34
3,24I057,Enid,2019,197,33,184,31,156,26,54,9,35,35,115,19,223,38,150,25,103,17,42,42
3,24I085,Drummond,2019,***,***,8,33,11,46,***,***,46,46,***,***,12,50,5,21,***,***,21,21
3,24I094,Covington-Douglas,2019,***,***,7,29,6,25,***,***,25,25,5,21,14,58,***,***,***,***,0,***
3,25C016,Whitebead,2019,8,20,15,38,13,33,4,10,43,43,***,***,***,***,11,28,13,33,61,61
3,25I002,Stratford,2019,13,31,***,***,13,31,***,***,31,31,6,14,15,36,12,29,9,21,50,50
3,25I005,Paoli,2019,7,47,7,47,***,***,***,***,0,***,9,60,***,***,***,***,***,***,0,***
3,25I007,Maysville,2019,***,***,9,43,6,29,***,***,29,29,4,19,***,***,4,19,***,***,19,19
3,25I009,Lindsay,2019,27,34,15,19,28,35,9,11,46,46,17,22,28,35,23,29,11,14,43,43
3,25I018,Pauls Valley,2019,29,33,21,24,28,32,10,11,43,43,7,8,33,38,24,27,24,27,54,54
3,25I038,Wynnewood,2019,18,30,16,27,18,30,8,13,43,43,12,21,17,29,17,29,12,21,50,50
3,25I072,Elmore City-Pernell,2019,6,23,***,***,10,38,***,***,38,38,***,***,9,35,***,***,9,35,35,35
3,26C037,Friend,2019,6,15,11,28,16,40,7,18,58,58,***,***,12,30,15,38,***,***,38,38
3,26C096,Middleberg,2019,***,***,5,33,***,***,4,27,27,27,***,***,***,***,***,***,7,47,47,47
3,26C131,Pioneer,2019,5,13,14,36,14,36,6,15,51,51,***,***,5,13,13,33,***,***,33,33
3,26I001,Chickasha,2019,26,15,56,32,63,36,28,16,52,52,14,8,60,35,56,32,43,25,57,57
3,26I002,Minco,2019,***,***,14,39,15,42,***,***,42,42,6,17,20,56,***,***,***,***,0,***
3,26I051,Ninnekah,2019,***,***,15,41,9,24,***,***,24,24,4,11,***,***,9,24,***,***,24,24
3,26I056,Alex,2019,7,24,6,21,***,***,***,***,0,***,***,***,10,34,14,48,***,***,48,48
3,26I068,Rush Springs,2019,7,21,12,35,10,29,5,15,44,44,7,21,16,47,7,21,4,12,33,33
3,26I095,Bridge Creek,2019,27,23,36,31,36,31,18,15,46,46,20,17,41,35,38,32,18,15,47,47
3,26I097,Tuttle,2019,22,15,43,30,65,45,15,10,55,55,11,8,40,28,56,39,38,26,65,65
3,26I099,Verden,2019,5,29,8,47,***,***,***,***,0,***,***,***,10,59,5,29,***,***,29,29
3,26I128,Amber-Pocasset,2019,4,11,10,28,13,36,9,25,61,61,***,***,9,25,***,***,14,39,39,39
3,27I054,Medford,2019,***,***,7,64,***,***,***,***,0,***,***,***,4,36,5,45,***,***,45,45
3,27I090,Pond Creek-Hunter,2019,***,***,7,27,***,***,4,15,15,15,***,***,***,***,5,19,12,46,65,65
3,27I095,Deer Creek-Lamont,2019,***,***,***,***,5,50,***,***,50,50,***,***,***,***,***,***,8,80,80,80
3,28I001,Mangum,2019,11,18,9,15,26,43,15,25,68,68,5,8,15,25,19,31,22,36,67,67
3,28I003,Granite,2019,4,21,***,***,8,42,***,***,42,42,***,***,11,58,6,32,***,***,32,32
3,29I066,Hollis,2019,9,26,***,***,15,43,***,***,43,43,5,14,***,***,13,37,***,***,37,37
3,30I001,Laverne,2019,4,10,9,21,20,48,9,21,69,69,***,***,8,19,13,31,***,***,31,31
3,30I004,Buffalo,2019,5,24,***,***,6,29,***,***,29,29,***,***,13,62,6,29,***,***,29,29
3,31C010,Whitefield,2019,***,***,***,***,***,***,***,***,0,***,***,***,***,***,***,***,***,***,0,***
3,31I013,Kinta,2019,***,***,8,47,6,35,***,***,35,35,4,24,6,35,***,***,***,***,0,***
3,31I020,Stigler,2019,26,27,***,***,36,37,***,***,37,37,16,16,40,41,31,32,10,10,42,42
3,31I037,Mccurtain,2019,***,***,4,25,5,31,***,***,31,31,***,***,***,***,7,44,4,25,69,69
3,31I043,Keota,2019,***,***,15,48,6,19,***,***,19,19,4,13,18,58,5,16,4,13,29,29
3,32I001,Moss,2019,5,21,9,38,6,25,4,17,42,42,***,***,10,42,6,25,***,***,25,25
3,32I005,Wetumka,2019,11,37,***,***,5,17,***,***,17,17,7,23,16,53,***,***,***,***,0,***
3,32I035,Holdenville,2019,15,21,19,26,34,47,5,7,54,54,8,11,27,37,24,33,14,19,52,52
3,32I048,Calvin,2019,***,***,***,***,***,***,***,***,0,***,***,***,***,***,***,***,***,***,0,***
3,32I054,Stuart,2019,***,***,8,50,7,44,***,***,44,44,***,***,***,***,11,69,***,***,69,69
3,33I001,Navajo,2019,9,24,12,32,10,26,7,18,44,44,***,***,12,32,***,***,10,26,26,26
3,33I014,Duke,2019,***,***,***,***,***,***,***,***,0,***,***,***,***,***,***,***,***,***,0,***
3,33I018,Altus,2019,74,31,82,34,67,28,19,8,36,36,33,14,97,40,69,29,41,17,46,46
3,33I040,Olustee-Eldorado Public School,2019,9,50,6,33,***,***,***,***,0,***,5,28,10,56,***,***,***,***,0,***
3,33I054,Blair,2019,11,50,8,36,***,***,***,***,0,***,***,***,10,45,7,32,***,***,32,32
3,34C003,Terral,2019,***,***,***,***,***,***,***,***,0,***,***,***,***,***,***,***,***,***,0,***
3,34I001,Ryan,2019,***,***,***,***,9,60,***,***,60,60,***,***,***,***,7,47,4,27,74,74
3,34I014,Ringling,2019,7,30,***,***,8,35,***,***,35,35,5,22,***,***,6,26,***,***,26,26
3,34I023,Waurika,2019,12,32,15,39,6,16,5,13,29,29,6,16,17,45,9,24,6,16,40,40
3,35C007,Mannsville,2019,***,***,***,***,***,***,***,***,0,***,***,***,***,***,***,***,***,***,0,***
3,35C010,Ravia,2019,***,***,***,***,5,50,***,***,50,50,***,***,***,***,***,***,***,***,0,***
3,35I002,Mill Creek,2019,***,***,5,38,5,38,***,***,38,38,4,31,6,46,***,***,***,***,0,***
3,35I020,Tishomingo,2019,31,47,12,18,19,29,4,6,35,35,21,32,15,23,17,26,13,20,46,46
3,35I029,Milburn,2019,7,54,***,***,***,***,***,***,0,***,***,***,5,38,***,***,***,***,0,***
3,35I035,Coleman,2019,5,29,6,35,***,***,***,***,0,***,***,***,5,29,7,41,***,***,41,41
3,35I037,Wapanucka,2019,10,59,4,24,***,***,***,***,0,***,***,***,12,71,***,***,***,***,0,***
3,36C027,Peckham,2019,***,***,***,***,***,***,***,***,0,***,***,***,***,***,***,***,***,***,0,***
3,36C050,Kildare,2019,***,***,6,35,6,35,***,***,35,35,***,***,7,41,4,24,***,***,24,24
3,36I045,Blackwell,2019,16,20,28,34,32,39,6,7,46,46,12,15,18,22,27,33,25,30,63,63
3,36I071,Ponca City,2019,127,34,111,30,106,28,28,8,36,36,81,22,143,39,93,25,54,15,40,40
3,36I087,Tonkawa,2019,10,19,19,36,18,34,6,11,45,45,5,9,18,34,23,43,7,13,56,56
3,36I125,Newkirk,2019,11,26,14,33,13,30,5,12,42,42,***,***,***,***,16,37,11,26,63,63
3,37I002,Dover,2019,4,33,5,42,***,***,***,***,0,***,4,33,6,50,***,***,***,***,0,***
3,37I003,Lomega,2019,***,***,9,41,***,***,4,18,18,18,***,***,***,***,10,45,4,18,63,63
3,37I007,Kingfisher,2019,12,12,18,18,38,39,30,31,70,70,8,8,23,23,35,36,32,33,69,69
3,37I016,Hennessey,2019,10,16,34,54,***,***,***,***,0,***,4,6,28,44,25,40,6,10,50,50
3,37I089,Cashion,2019,***,***,14,36,14,36,***,***,36,36,4,10,16,41,8,21,11,28,49,49
3,37I105,Okarche,2019,***,***,6,19,20,63,***,***,63,63,***,***,11,34,14,44,***,***,44,44
3,38I001,Hobart,2019,15,27,23,41,12,21,6,11,32,32,12,21,24,43,9,16,11,20,36,36
3,38I002,Lone Wolf,2019,***,***,***,***,***,***,***,***,0,***,***,***,***,***,***,***,***,***,0,***
3,38I003,Mountain View-Gotebo,2019,***,***,***,***,13,62,6,29,91,91,***,***,4,19,8,38,***,***,38,38
3,38I004,Snyder,2019,7,32,6,27,4,18,5,23,41,41,5,23,8,36,4,18,5,23,41,41
3,39I001,Wilburton,2019,9,16,21,38,19,35,6,11,46,46,***,***,27,49,***,***,16,29,29,29
3,39I002,Red Oak,2019,6,24,8,32,***,***,***,***,0,***,***,***,12,48,7,28,***,***,28,28
3,39I003,Buffalo Valley,2019,***,***,***,***,***,***,***,***,0,***,***,***,***,***,***,***,***,***,0,***
3,39I004,Panola,2019,5,50,4,40,***,***,***,***,0,***,5,50,***,***,***,***,***,***,0,***
3,40C004,Shady Point,2019,7,58,***,***,***,***,***,***,0,***,***,***,4,33,***,***,***,***,0,***
3,40C011,Monroe,2019,***,***,***,***,***,***,***,***,0,***,***,***,***,***,***,***,***,***,0,***
3,40C014,Hodgen,2019,***,***,9,38,4,17,***,***,17,17,8,33,10,42,***,***,***,***,0,***
3,40C039,Fanshawe,2019,***,***,***,***,***,***,***,***,0,***,***,***,***,***,***,***,***,***,0,***
3,40I002,Spiro,2019,17,24,21,30,25,35,8,11,46,46,15,21,25,35,16,23,15,21,44,44
3,40I003,Heavener,2019,25,37,***,***,16,24,***,***,24,24,***,***,32,48,19,28,***,***,28,28
3,40I007,Pocola,2019,12,23,15,28,14,26,12,23,49,49,5,9,15,28,18,34,15,28,62,62
3,40I016,Le Flore,2019,5,28,***,***,5,28,***,***,28,28,***,***,9,50,6,33,***,***,33,33
3,40I017,Cameron,2019,9,39,***,***,4,17,***,***,17,17,4,17,11,48,***,***,***,***,0,***
3,40I020,Panama,2019,7,13,20,38,20,38,6,11,49,49,6,11,19,36,13,25,15,28,53,53
3,40I026,Bokoshe,2019,7,47,***,***,5,33,***,***,33,33,***,***,9,64,***,***,***,***,0,***
3,40I029,Poteau,2019,36,23,49,31,56,35,19,12,47,47,12,8,67,42,53,33,28,18,51,51
3,40I049,Wister,2019,6,23,13,50,***,***,***,***,0,***,4,15,***,***,5,19,***,***,19,19
3,40I052,Talihina,2019,***,***,8,26,6,19,***,***,19,19,13,42,***,***,6,19,***,***,19,19
3,40I062,Whitesboro,2019,5,36,4,29,***,***,***,***,0,***,***,***,5,36,5,36,***,***,36,36
3,40I067,Howe,2019,9,19,19,40,13,27,7,15,42,42,5,10,11,23,16,33,16,33,66,66
3,40I091,Arkoma,2019,5,20,***,***,11,44,***,***,44,44,***,***,11,44,7,28,***,***,28,28
3,41C005,White Rock,2019,***,***,***,***,***,***,***,***,0,***,***,***,***,***,***,***,***,***,0,***
3,41I001,Chandler,2019,15,19,26,34,32,42,4,5,47,47,6,8,28,36,28,36,15,19,55,55
3,41I003,Davenport,2019,5,21,8,33,7,29,4,17,46,46,***,***,10,42,8,33,***,***,33,33
3,41I004,Wellston,2019,12,32,7,19,***,***,***,***,0,***,4,11,10,28,13,36,9,25,61,61
3,41I054,Stroud,2019,6,12,17,33,23,44,6,12,56,56,6,12,21,40,15,29,10,19,48,48
3,41I095,Meeker,2019,11,20,18,33,19,35,6,11,46,46,5,9,15,28,23,43,11,20,63,63
3,41I103,Prague,2019,6,8,22,28,34,43,18,23,66,66,***,***,23,29,25,31,***,***,31,31
3,41I105,Carney,2019,10,59,***,***,***,***,***,***,0,***,***,***,4,24,9,53,***,***,53,53
3,41I134,Agra,2019,5,26,***,***,4,21,***,***,21,21,***,***,9,50,5,28,***,***,28,28
3,42I001,Guthrie,2019,91,39,82,35,55,23,7,3,26,26,72,31,94,40,55,24,13,6,30,30
3,42I002,Crescent,2019,11,32,7,21,12,35,4,12,47,47,10,29,6,18,5,15,13,38,53,53
3,42I003,Mulhall-Orlando,2019,***,***,***,***,7,44,5,31,75,75,***,***,***,***,5,31,6,38,69,69
3,42I014,Coyle,2019,***,***,5,25,6,30,***,***,30,30,***,***,12,60,4,20,***,***,20,20
3,43C003,Greenville,2019,***,***,***,***,***,***,***,***,0,***,***,***,***,***,***,***,***,***,0,***
3,43I004,Thackerville,2019,7,44,7,44,***,***,***,***,0,***,6,38,7,44,***,***,***,***,0,***
3,43I005,Turner,2019,14,58,***,***,4,17,***,***,17,17,9,38,13,54,***,***,***,***,0,***
3,43I016,Marietta,2019,17,23,27,36,23,31,7,9,40,40,11,15,38,51,15,20,10,14,34,34
3,44I001,Ringwood,2019,***,***,11,44,6,24,***,***,24,24,7,28,8,32,5,20,5,20,40,40
3,44I004,Aline-Cleo,2019,***,***,***,***,***,***,***,***,0,***,***,***,***,***,***,***,***,***,0,***
3,44I084,Fairview,2019,9,15,11,18,29,48,11,18,66,66,9,15,14,23,17,28,20,33,61,61
3,44I092,Cimarron,2019,12,55,7,32,***,***,***,***,0,***,***,***,11,50,4,18,***,***,18,18
3,45I002,Madill,2019,24,20,37,31,41,34,19,16,50,50,13,11,43,36,41,34,24,20,54,54
3,45I003,Kingston,2019,26,27,30,32,29,31,10,11,42,42,17,18,29,31,32,34,17,18,52,52
3,46C035,Wickliffe,2019,***,***,***,***,***,***,***,***,0,***,***,***,***,***,***,***,***,***,0,***
3,46C043,Osage,2019,9,64,4,29,***,***,***,***,0,***,7,50,5,36,***,***,***,***,0,***
3,46I001,Pryor,2019,67,29,95,41,61,26,10,4,30,30,48,21,87,38,73,31,24,10,41,41
3,46I002,Adair,2019,12,15,29,37,26,33,12,15,48,48,8,10,26,33,25,32,19,24,56,56
3,46I016,Salina,2019,11,24,14,30,12,26,9,20,46,46,5,11,19,41,15,33,7,15,48,48
3,46I017,Locust Grove,2019,36,40,27,30,21,23,6,7,30,30,16,18,34,38,24,27,16,18,45,45
3,46I032,Chouteau-Mazie,2019,18,29,23,37,17,27,4,6,33,33,10,16,27,44,18,29,7,11,40,40
3,47I001,Newcastle,2019,36,21,57,34,61,36,16,9,45,45,20,12,67,39,48,28,35,21,49,49
3,47I002,Dibble,2019,***,***,13,27,7,15,***,***,15,15,16,33,21,44,***,***,***,***,0,***
3,47I005,Washington,2019,15,22,17,25,30,45,5,7,52,52,6,9,29,43,23,34,9,13,47,47
3,47I010,Wayne,2019,***,***,13,52,4,16,***,***,16,16,6,24,17,68,***,***,***,***,0,***
3,47I015,Purcell,2019,23,21,53,48,28,25,6,5,30,30,22,20,48,44,30,28,8,7,35,35
3,47I029,Blanchard,2019,26,19,45,32,48,34,21,15,49,49,17,12,37,26,41,29,45,32,61,61
3,48C001,Forest Grove,2019,***,***,***,***,***,***,***,***,0,***,***,***,***,***,***,***,***,***,0,***
3,48C009,Lukfata,2019,5,13,9,24,19,50,5,13,63,63,5,13,10,26,14,37,9,24,61,61
3,48C023,Glover,2019,6,55,4,36,***,***,***,***,0,***,***,***,7,64,***,***,***,***,0,***
3,48C037,Denison,2019,***,***,5,18,10,36,***,***,36,36,***,***,***,***,11,39,15,54,93,93
3,48C072,Holly Creek,2019,***,***,10,38,12,46,***,***,46,46,***,***,8,31,***,***,5,19,19,19
3,48I005,Idabel,2019,21,21,31,30,30,29,20,20,49,49,9,9,51,50,27,26,15,15,41,41
3,48I006,Haworth,2019,8,22,9,25,14,39,5,14,53,53,4,11,18,50,10,28,4,11,39,39
3,48I011,Valliant,2019,19,38,***,***,11,22,***,***,22,22,9,18,***,***,14,28,***,***,28,28
3,48I013,Eagletown,2019,***,***,***,***,4,36,***,***,36,36,***,***,***,***,***,***,***,***,0,***
3,48I014,Smithville,2019,***,***,7,39,6,33,***,***,33,33,***,***,***,***,8,44,6,33,77,77
3,48I039,Wright City,2019,6,15,15,37,14,34,6,15,49,49,5,12,16,39,15,37,5,12,49,49
3,48I071,Battiest,2019,***,***,7,35,9,45,***,***,45,45,***,***,***,***,11,55,4,20,75,75
3,48I074,Broken Bow,2019,37,33,36,32,26,23,13,12,35,35,19,17,46,41,26,23,21,19,42,42
3,49C003,Ryal,2019,***,***,***,***,***,***,***,***,0,***,***,***,***,***,***,***,***,***,0,***
3,49C016,Stidham,2019,6,50,4,33,***,***,***,***,0,***,4,33,6,50,***,***,***,***,0,***
3,49I001,Eufaula,2019,***,***,18,29,19,31,***,***,31,31,12,19,31,50,***,***,***,***,0,***
3,49I019,Checotah,2019,27,28,32,33,29,30,8,8,38,38,10,10,24,25,42,44,20,21,65,65
3,49I027,Midway,2019,***,***,7,47,5,33,***,***,33,33,***,***,7,47,7,47,***,***,47,47
3,49I064,Hanna,2019,***,***,***,***,***,***,***,***,0,***,***,***,***,***,***,***,***,***,0,***
3,50H000,Oklahoma School For The Deaf,2019,***,***,***,***,***,***,***,***,0,***,***,***,***,***,***,***,***,***,0,***
3,50I001,Sulphur,2019,25,23,31,29,41,38,10,9,47,47,15,14,31,29,36,34,25,23,57,57
3,50I010,Davis,2019,13,19,21,31,25,37,8,12,49,49,11,16,20,30,22,33,14,21,54,54
3,51C009,Wainwright,2019,***,***,***,***,***,***,***,***,0,***,***,***,***,***,***,***,***,***,0,***
3,51H000,Oklahoma School For The Blind,2019,***,***,***,***,***,***,***,***,0,***,***,***,***,***,***,***,***,***,0,***
3,51I002,Haskell,2019,26,46,19,34,***,***,***,***,0,***,***,***,25,45,9,16,***,***,16,16
3,51I003,Fort Gibson,2019,13,11,23,19,49,40,36,30,70,70,7,6,15,12,46,38,53,44,82,82
3,51I006,Webbers Falls,2019,5,26,10,53,***,***,***,***,0,***,6,32,6,32,***,***,***,***,0,***
3,51I008,Oktaha,2019,6,13,15,31,21,44,6,13,57,57,***,***,20,42,***,***,6,13,13,13
3,51I020,Muskogee,2019,139,34,120,29,109,27,40,10,37,37,107,26,156,38,98,24,48,12,36,36
3,51I029,Hilldale,2019,25,18,30,22,64,46,19,14,60,60,16,12,45,33,47,34,30,22,56,56
3,51I046,Braggs,2019,4,31,7,54,***,***,***,***,0,***,***,***,9,69,***,***,***,***,0,***
3,51I074,Warner,2019,6,12,11,21,25,48,10,19,67,67,4,8,17,33,20,39,10,20,59,59
3,51I088,Porum,2019,12,35,***,***,7,21,***,***,21,21,***,***,12,35,12,35,***,***,35,35
3,52I001,Perry,2019,22,26,18,21,35,42,9,11,53,53,7,8,35,41,29,34,15,17,51,51
3,52I002,Billings,2019,***,***,***,***,***,***,***,***,0,***,***,***,***,***,***,***,***,***,0,***
3,52I004,Frontier,2019,4,15,14,52,***,***,***,***,0,***,6,22,15,56,***,***,***,***,0,***
3,52I006,Morrison,2019,10,24,11,26,14,33,7,17,50,50,***,***,14,33,18,43,***,***,43,43
3,53I003,Oklahoma Union,2019,5,12,19,45,14,33,4,10,43,43,***,***,15,36,17,40,***,***,40,40
3,53I040,Nowata,2019,7,14,18,36,19,38,6,12,50,50,5,10,13,26,18,36,14,28,64,64
3,53I051,South Coffeyville,2019,***,***,7,50,4,29,***,***,29,29,***,***,10,71,***,***,***,***,0,***
3,54C029,Bearden,2019,***,***,6,35,7,41,***,***,41,41,***,***,9,53,***,***,***,***,0,***
3,54I002,Mason,2019,***,***,5,29,7,41,***,***,41,41,***,***,9,50,5,28,***,***,28,28
3,54I014,Paden,2019,8,53,4,27,***,***,***,***,0,***,***,***,8,53,***,***,4,27,27,27
3,54I026,Okemah,2019,30,45,***,***,16,24,***,***,24,24,***,***,32,48,15,22,***,***,22,22
3,54I031,Weleetka,2019,7,26,***,***,6,22,***,***,22,22,***,***,9,33,10,37,***,***,37,37
3,54I054,Graham-Dustin,2019,7,47,***,***,5,33,***,***,33,33,4,27,***,***,5,33,***,***,33,33
3,55C029,Oakdale,2019,6,8,17,23,30,41,20,27,68,68,4,5,13,18,32,44,24,33,77,77
3,55C074,Crutcho,2019,25,66,12,32,***,***,***,***,0,***,***,***,15,39,***,***,***,***,0,***
3,5.50E+03,OKC Charter: Seeworth Academy,2019,***,***,5,36,***,***,***,***,0,***,10,63,6,38,***,***,***,***,0,***
3,5.50E+04,OKC Charter: Hupfeld/W Village,2019,***,***,16,38,18,43,***,***,43,43,4,10,11,26,14,33,13,31,64,64
3,5.50E+22,OKC Charter-Santa Fe South,2019,81,42,71,37,33,17,7,4,21,21,67,35,84,44,29,15,12,6,21,21
3,5.50E+25,OKC Charter: Dove Science Acad,2019,8,15,16,30,20,38,9,17,55,55,***,***,16,30,12,23,***,***,23,23
3,55G007,John W Rex Charter Elementary,2019,17,20,27,32,33,39,7,8,47,47,8,10,24,29,27,32,25,30,62,62
3,55G008,Epic Blended Learning Charter,2019,198,41,146,30,110,23,29,6,29,29,166,35,174,36,101,21,40,8,29,29
3,55I001,Putnam City,2019,575,41,396,28,361,26,75,5,31,31,335,24,496,35,354,25,219,16,41,41
3,55I003,Luther,2019,***,***,19,38,16,32,***,***,32,32,6,12,***,***,17,34,***,***,34,34
3,55I004,Choctaw-Nicoma Park,2019,76,19,112,29,145,37,59,15,52,52,36,9,122,31,119,30,115,29,59,59
3,55I006,Deer Creek,2019,44,8,124,23,262,48,111,21,69,69,21,4,147,27,167,31,205,38,69,69
3,55I007,Harrah,2019,58,32,48,27,58,32,15,8,40,40,38,21,74,42,37,21,29,16,37,37
3,55I009,Jones,2019,7,10,23,32,27,38,14,20,58,58,***,***,26,37,***,***,15,21,21,21
3,55I012,Edmond,2019,329,18,454,25,674,38,339,19,57,57,231,13,482,27,492,27,589,33,60,60
3,55I037,Millwood,2019,24,48,***,***,4,8,***,***,8,8,24,48,***,***,5,10,***,***,10,10
3,55I041,Western Heights,2019,150,59,79,31,***,***,***,***,0,***,152,60,81,32,16,6,5,2,8,8
3,55I052,Midwest City-Del City,2019,372,36,346,33,259,25,67,6,31,31,282,27,419,40,217,21,124,12,33,33
3,55I053,Crooked Oak,2019,41,50,20,24,***,***,***,***,0,***,34,41,33,40,9,11,6,7,18,18
3,55I088,Bethany,2019,11,10,37,35,46,43,13,12,55,55,***,***,***,***,41,38,29,27,65,65
3,55I089,Oklahoma City,2019,1919,58,875,26,413,12,107,3,15,15,1719,52,1129,34,333,10,128,4,14,14
3,55J003,LeMonde Int'l Charter,2019,***,***,6,29,9,43,***,***,43,43,***,***,8,38,9,43,***,***,43,43
3,55Z001,Epic One On One Charter School,2019,315,47,196,29,140,21,25,4,25,25,291,43,248,37,103,15,29,4,19,19
3,55Z002,Oklahoma Virtual Charter Acad,2019,***,***,44,27,18,11,***,***,11,11,95,59,42,26,18,11,7,4,15,15
3,55Z003,Oklahoma Connections Academy,2019,24,50,***,***,10,21,***,***,21,21,25,52,11,23,7,15,5,10,25,25
3,56C011,Twin Hills,2019,10,29,***,***,12,34,***,***,34,34,5,14,6,17,18,51,6,17,68,68
3,56I001,Okmulgee,2019,36,38,37,39,***,***,***,***,0,***,29,31,***,***,16,17,***,***,17,17
3,56I002,Henryetta,2019,26,32,34,42,***,***,***,***,0,***,24,30,36,44,17,21,4,5,26,26
3,56I003,Morris,2019,9,15,23,38,24,39,5,8,47,47,5,8,30,49,17,28,9,15,43,43
3,56I004,Beggs,2019,14,22,16,25,20,31,14,22,53,53,4,6,13,20,24,38,23,36,74,74
3,56I005,Preston,2019,***,***,12,33,14,39,***,***,39,39,9,25,***,***,10,28,***,***,28,28
3,56I006,Schulter,2019,13,93,***,***,***,***,***,***,0,***,6,43,7,50,***,***,***,***,0,***
3,56I007,Wilson,2019,8,53,5,33,***,***,***,***,0,***,7,47,***,***,4,27,***,***,27,27
3,56I008,Dewar,2019,***,***,10,30,5,15,***,***,15,15,8,24,14,42,5,15,6,18,33,33
3,57C003,Osage Hills,2019,4,21,8,42,***,***,***,***,0,***,***,***,9,47,7,37,***,***,37,37
3,57C007,Bowring,2019,***,***,***,***,***,***,***,***,0,***,***,***,***,***,***,***,***,***,0,***
3,57C035,Avant,2019,***,***,***,***,***,***,***,***,0,***,***,***,***,***,***,***,***,***,0,***
3,57C052,Anderson,2019,11,31,***,***,7,20,***,***,20,20,4,11,17,49,***,***,***,***,0,***
3,57C077,Mccord,2019,9,24,11,29,9,24,9,24,48,48,7,18,14,37,9,24,8,21,45,45
3,57I002,Pawhuska,2019,***,***,17,35,16,33,***,***,33,33,12,24,10,20,18,37,9,18,55,55
3,57I011,Shidler,2019,4,33,***,***,***,***,***,***,0,***,***,***,5,42,4,33,***,***,33,33
3,57I029,Barnsdall,2019,***,***,5,25,9,45,***,***,45,45,***,***,***,***,8,40,6,30,70,70
3,57I030,Wynona,2019,***,***,***,***,***,***,***,***,0,***,***,***,***,***,***,***,***,***,0,***
3,57I038,Hominy,2019,***,***,14,28,8,16,***,***,16,16,***,***,27,54,4,8,***,***,8,8
3,57I050,Prue,2019,***,***,12,52,6,26,***,***,26,26,***,***,11,48,6,26,***,***,26,26
3,57I090,Woodland,2019,8,28,***,***,10,34,***,***,34,34,6,21,10,34,6,21,7,24,45,45
3,58C010,Turkey Ford,2019,***,***,***,***,***,***,***,***,0,***,***,***,***,***,***,***,***,***,0,***
3,58I001,Wyandotte,2019,13,27,17,35,***,***,***,***,0,***,9,19,16,33,11,23,12,25,48,48
3,58I014,Quapaw,2019,9,23,14,35,10,25,7,18,43,43,7,18,15,38,10,25,8,20,45,45
3,58I018,Commerce,2019,***,***,25,37,20,30,***,***,30,30,13,19,29,43,21,31,4,6,37,37
3,58I023,Miami,2019,57,33,64,37,40,23,11,6,29,29,44,26,64,37,32,19,32,19,38,38
3,58I026,Afton,2019,6,15,***,***,13,33,***,***,33,33,***,***,15,38,18,46,***,***,46,46
3,58I031,Fairland,2019,5,14,10,29,14,40,6,17,57,57,6,17,11,31,10,29,8,23,52,52
3,59C002,Jennings,2019,8,47,4,24,***,***,***,***,0,***,***,***,8,47,4,24,***,***,24,24
3,59I001,Pawnee,2019,11,31,13,37,***,***,***,***,0,***,5,14,10,29,13,37,7,20,57,57
3,59I006,Cleveland,2019,43,32,47,35,38,29,5,4,33,33,26,20,52,39,36,27,18,14,41,41
3,60C104,Oak Grove,2019,***,***,6,27,10,45,***,***,45,45,***,***,12,55,7,32,***,***,32,32
3,60I003,Ripley,2019,6,21,***,***,15,52,***,***,52,52,***,***,10,34,8,28,***,***,28,28
3,60I016,Stillwater,2019,100,19,129,25,179,35,105,20,55,55,61,12,134,26,142,28,174,34,62,62
3,60I056,Perkins-Tryon,2019,24,19,46,37,46,37,9,7,44,44,11,9,55,44,37,30,22,18,48,48
3,60I067,Cushing,2019,39,30,39,30,33,26,17,13,39,39,13,10,35,27,40,31,40,31,62,62
3,60I101,Glencoe,2019,10,40,***,***,6,24,***,***,24,24,4,16,***,***,7,28,***,***,28,28
3,60I103,Yale,2019,5,21,7,29,***,***,***,***,0,***,***,***,8,33,12,50,***,***,50,50
3,61B001,Jones Academy,2019,8,67,***,***,***,***,***,***,0,***,4,33,7,58,***,***,***,***,0,***
3,61C009,Krebs,2019,13,25,15,29,***,***,***,***,0,***,7,14,29,57,11,22,4,8,30,30
3,61C029,Frink-Chambers,2019,***,***,18,43,18,43,***,***,43,43,***,***,***,***,14,33,15,36,69,69
3,61C056,Tannehill,2019,5,33,7,47,***,***,***,***,0,***,***,***,8,53,5,33,***,***,33,33
3,61C088,Haywood,2019,7,50,4,29,***,***,***,***,0,***,5,36,7,50,***,***,***,***,0,***
3,6.10E+21,Carlton Landing Academy,2019,***,***,***,***,***,***,***,***,0,***,***,***,***,***,***,***,***,***,0,***
3,61I001,Hartshorne,2019,19,37,12,23,16,31,5,10,41,41,7,13,19,37,17,33,9,17,50,50
3,61I002,Canadian,2019,5,23,5,23,8,36,4,18,54,54,***,***,9,41,11,50,***,***,50,50
3,61I011,Haileyville,2019,***,***,9,33,5,19,***,***,19,19,8,30,14,52,***,***,***,***,0,***
3,61I014,Kiowa,2019,13,43,9,30,***,***,***,***,0,***,4,13,14,47,8,27,4,13,40,40
3,61I017,Quinton,2019,13,50,7,27,***,***,***,***,0,***,12,46,8,31,***,***,***,***,0,***
3,61I025,Indianola,2019,***,***,6,33,***,***,4,22,22,22,***,***,6,33,***,***,4,22,22,22
3,61I028,Crowder,2019,***,***,10,48,8,38,***,***,38,38,***,***,8,38,***,***,4,19,19,19
3,61I030,Savanna,2019,***,***,5,26,9,47,***,***,47,47,***,***,4,21,8,42,***,***,42,42
3,61I063,Pittsburg,2019,***,***,***,***,***,***,***,***,0,***,***,***,***,***,***,***,***,***,0,***
3,61I080,Mcalester,2019,32,17,67,35,66,35,25,13,48,48,21,11,51,27,69,36,49,26,62,62
3,62I001,Allen,2019,***,***,15,35,10,23,***,***,23,23,14,33,22,51,***,***,***,***,0,***
3,62I009,Vanoss,2019,11,29,12,32,10,26,5,13,39,39,7,18,14,37,9,24,8,21,45,45
3,62I016,Byng,2019,22,17,32,25,53,41,23,18,59,59,11,8,37,28,42,32,40,31,63,63
3,62I019,Ada,2019,51,29,71,40,44,25,10,6,31,31,37,21,79,45,37,21,23,13,34,34
3,62I024,Latta,2019,9,15,14,23,30,49,8,13,62,62,***,***,23,38,***,***,13,21,21,21
3,62I030,Stonewall,2019,***,***,7,24,13,45,***,***,45,45,***,***,10,34,14,48,***,***,48,48
3,62I037,Roff,2019,7,22,12,38,***,***,***,***,0,***,7,22,14,44,5,16,6,19,35,35
3,63C027,Grove,2019,5,10,7,14,23,46,15,30,76,76,4,8,9,18,17,34,20,40,74,74
3,63C029,Pleasant Grove,2019,***,***,8,22,12,32,***,***,32,32,***,***,22,59,7,19,***,***,19,19
3,63C032,South Rock Creek,2019,6,12,19,37,18,35,8,16,51,51,10,20,19,37,14,27,8,16,43,43
3,63I001,Mcloud,2019,50,36,44,31,38,27,8,6,33,33,23,16,56,40,41,29,20,14,43,43
3,63I002,Dale,2019,8,16,14,29,21,43,6,12,55,55,***,***,20,41,18,37,***,***,37,37
3,63I003,Bethel,2019,7,9,23,29,35,44,15,19,63,63,***,***,***,***,29,36,27,34,70,70
3,63I004,Macomb,2019,6,40,5,33,***,***,***,***,0,***,4,25,10,63,***,***,***,***,0,***
3,63I005,Earlsboro,2019,***,***,9,43,6,29,***,***,29,29,7,33,12,57,***,***,***,***,0,***
3,63I010,North Rock Creek,2019,***,***,22,36,12,20,***,***,20,20,15,25,28,46,11,18,7,11,29,29
3,63I092,Tecumseh,2019,52,36,58,40,26,18,9,6,24,24,34,23,69,48,28,19,14,10,29,29
3,63I093,Shawnee,2019,98,36,100,36,70,25,7,3,28,28,91,33,104,38,59,21,23,8,29,29
3,63I112,Asher,2019,4,20,***,***,5,25,***,***,25,25,***,***,6,30,9,45,***,***,45,45
3,63I115,Wanette,2019,***,***,5,42,5,42,***,***,42,42,***,***,7,58,***,***,***,***,0,***
3,63I117,Maud,2019,14,58,9,38,***,***,***,***,0,***,14,58,***,***,***,***,***,***,0,***
3,64C002,Albion,2019,***,***,***,***,***,***,***,***,0,***,***,***,***,***,***,***,***,***,0,***
3,64C004,Tuskahoma,2019,***,***,***,***,***,***,***,***,0,***,***,***,***,***,***,***,***,***,0,***
3,64C015,Nashoba,2019,***,***,***,***,***,***,***,***,0,***,***,***,***,***,***,***,***,***,0,***
3,64I001,Rattan,2019,***,***,14,39,9,25,***,***,25,25,4,11,19,51,9,24,5,14,38,38
3,64I010,Clayton,2019,11,55,***,***,5,25,***,***,25,25,5,25,9,45,***,***,***,***,0,***
3,64I013,Antlers,2019,7,11,16,26,30,49,8,13,62,62,6,10,21,35,23,38,10,17,55,55
3,64I022,Moyers,2019,6,33,7,39,***,***,***,***,0,***,***,***,13,72,***,***,***,***,0,***
3,65I003,Leedey,2019,6,29,5,24,6,29,4,19,48,48,***,***,***,***,6,29,8,38,67,67
3,65I006,Reydon,2019,***,***,***,***,***,***,***,***,0,***,***,***,***,***,***,***,***,***,0,***
3,65I007,Cheyenne,2019,***,***,5,26,9,47,***,***,47,47,***,***,10,53,***,***,4,21,21,21
3,65I015,Sweetwater,2019,***,***,***,***,***,***,***,***,0,***,***,***,***,***,***,***,***,***,0,***
3,65I066,Hammon,2019,***,***,***,***,11,61,***,***,61,61,***,***,7,37,7,37,***,***,37,37
3,66C009,Justus-Tiawah,2019,4,8,25,47,19,36,5,9,45,45,6,11,15,28,16,30,16,30,60,60
3,66I001,Claremore,2019,55,22,97,39,75,30,23,9,39,39,49,20,83,33,78,31,40,16,47,47
3,66I002,Catoosa,2019,37,25,63,42,43,28,8,5,33,33,17,11,86,57,37,24,12,8,32,32
3,66I003,Chelsea,2019,26,46,***,***,12,21,***,***,21,21,21,37,21,37,10,18,5,9,27,27
3,66I004,Oologah-Talala,2019,29,25,31,27,43,37,13,11,48,48,32,28,41,35,32,28,11,9,37,37
3,66I005,Inola,2019,25,26,39,40,26,27,7,7,34,34,9,9,35,36,31,32,21,22,54,54
3,66I006,Sequoyah,2019,14,15,20,22,37,41,20,22,63,63,5,5,20,22,37,41,29,32,73,73
3,66I007,Foyil,2019,16,52,13,42,***,***,***,***,0,***,6,19,***,***,11,35,***,***,35,35
3,66I008,Verdigris,2019,8,9,35,39,37,42,9,10,52,52,***,***,***,***,39,44,16,18,62,62
3,67C054,Justice,2019,15,58,8,31,***,***,***,***,0,***,***,***,8,31,6,23,***,***,23,23
3,67I001,Seminole,2019,30,26,37,32,37,32,13,11,43,43,20,17,37,32,40,34,20,17,51,51
3,67I002,Wewoka,2019,***,***,18,38,8,17,***,***,17,17,27,59,14,30,***,***,***,***,0,***
3,67I003,Bowlegs,2019,6,46,5,38,***,***,***,***,0,***,8,62,***,***,***,***,***,***,0,***
3,67I004,Konawa,2019,***,***,19,51,5,14,***,***,14,14,14,39,15,42,***,***,***,***,0,***
3,67I006,New Lima,2019,13,52,9,36,***,***,***,***,0,***,13,52,8,32,***,***,***,***,0,***
3,67I007,Varnum,2019,4,19,7,33,6,29,4,19,48,48,***,***,8,38,8,38,***,***,38,38
3,67I010,Sasakwa,2019,***,***,4,36,***,***,***,***,0,***,8,73,***,***,***,***,***,***,0,***
3,67I014,Strother,2019,***,***,9,32,12,43,***,***,43,43,6,21,10,36,8,29,4,14,43,43
3,67I015,Butner,2019,6,32,10,53,***,***,***,***,0,***,8,42,8,42,***,***,***,***,0,***
3,68C001,Liberty,2019,12,32,***,***,12,32,***,***,32,32,***,***,15,39,13,34,***,***,34,34
3,68C035,Marble City,2019,***,***,***,***,***,***,***,***,0,***,***,***,***,***,***,***,4,40,40,40
3,68C036,Brushy,2019,14,30,***,***,9,20,***,***,20,20,10,22,19,41,12,26,5,11,37,37
3,68C050,Belfonte,2019,12,75,***,***,***,***,***,***,0,***,9,56,5,31,***,***,***,***,0,***
3,68C068,Moffett,2019,4,11,12,32,15,41,6,16,57,57,***,***,***,***,17,46,9,24,70,70
3,68I001,Sallisaw,2019,28,21,29,22,49,37,28,21,58,58,11,8,50,37,44,33,29,22,55,55
3,68I002,Vian,2019,8,14,21,37,***,***,***,***,0,***,***,***,***,***,27,47,7,12,59,59
3,68I003,Muldrow,2019,28,42,21,32,13,20,4,6,26,26,13,20,24,36,19,29,10,15,44,44
3,68I004,Gans,2019,4,17,4,17,9,39,6,26,65,65,***,***,10,43,***,***,5,22,22,22
3,68I005,Roland,2019,5,9,25,47,17,32,6,11,43,43,6,11,26,49,12,23,9,17,40,40
3,68I006,Gore,2019,6,18,11,33,9,27,7,21,48,48,***,***,***,***,7,21,16,48,69,69
3,68I007,Central,2019,4,16,***,***,13,52,***,***,52,52,***,***,15,60,5,20,***,***,20,20
3,69C082,Grandview,2019,***,***,4,40,4,40,***,***,40,40,***,***,***,***,***,***,5,50,50,50
3,69I001,Duncan,2019,99,32,99,32,91,30,16,5,35,35,60,20,117,38,90,30,37,12,42,42
3,69I002,Comanche,2019,28,44,20,32,***,***,***,***,0,***,19,30,***,***,8,13,***,***,13,13
3,69I003,Marlow,2019,7,9,23,30,33,43,14,18,61,61,4,5,26,34,34,45,12,16,61,61
3,69I015,Velma-Alma,2019,6,14,16,36,17,39,5,11,50,50,8,18,15,34,16,36,5,11,47,47
3,69I021,Empire,2019,6,14,16,38,14,33,6,14,47,47,5,12,12,29,17,40,8,19,59,59
3,69I034,Central High,2019,5,16,10,32,11,35,5,16,51,51,***,***,***,***,13,42,7,23,65,65
3,69I042,Bray-Doyle,2019,***,***,12,50,4,17,***,***,17,17,***,***,12,50,7,29,***,***,29,29
3,70C009,Optima,2019,4,33,7,58,***,***,***,***,0,***,4,33,5,42,***,***,***,***,0,***
3,70C080,Straight,2019,***,***,***,***,***,***,***,***,0,***,***,***,***,***,***,***,***,***,0,***
3,70I001,Yarbrough,2019,***,***,***,***,***,***,***,***,0,***,***,***,***,***,***,***,***,***,0,***
3,70I008,Guymon,2019,71,32,65,30,69,31,15,7,38,38,34,15,86,39,60,27,40,18,45,45
3,70I015,Hardesty,2019,***,***,***,***,***,***,***,***,0,***,***,***,***,***,***,***,***,***,0,***
3,70I023,Hooker,2019,***,***,26,47,11,20,***,***,20,20,11,20,25,45,15,27,4,7,34,34
3,70I053,Tyrone,2019,***,***,5,50,***,***,***,***,0,***,4,40,***,***,***,***,***,***,0,***
3,70I060,Goodwell,2019,4,24,***,***,6,35,***,***,35,35,***,***,10,59,***,***,***,***,0,***
3,70I061,Texhoma,2019,***,***,***,***,***,***,***,***,0,***,***,***,***,***,***,***,***,***,0,***
3,71C009,Davidson,2019,***,***,***,***,***,***,***,***,0,***,***,***,***,***,***,***,***,***,0,***
3,71I008,Tipton,2019,5,22,7,30,***,***,***,***,0,***,***,***,11,48,9,39,***,***,39,39
3,71I158,Frederick,2019,15,23,23,35,21,32,6,9,41,41,5,8,37,57,17,26,6,9,35,35
3,71I249,Grandfield,2019,6,50,***,***,***,***,***,***,0,***,***,***,7,58,***,***,***,***,0,***
3,72C015,Keystone,2019,***,***,12,44,7,26,***,***,26,26,6,22,12,44,***,***,***,***,0,***
3,7.20E+07,Tulsa Legacy Charter School,2019,42,63,***,***,9,13,***,***,13,13,35,52,21,31,7,10,4,6,16,16
3,7.20E+18,Tulsa Charter: College Bound,2019,36,38,***,***,30,31,***,***,31,31,28,29,***,***,19,20,***,***,20,20
3,72G001,Deborah Brown (Charter),2019,***,***,6,29,9,43,***,***,43,43,***,***,12,57,5,24,***,***,24,24
3,72G003,Dove Schools of Tulsa,2019,18,32,19,33,16,28,4,7,35,35,17,30,19,33,17,30,4,7,37,37
3,72G004,Sankofa Middle Schl (Charter),2019,***,***,6,23,7,27,***,***,27,27,***,***,8,31,14,54,***,***,54,54
3,72I001,Tulsa,2019,1720,56,733,24,466,15,138,5,20,20,1454,48,955,31,417,14,222,7,21,21
3,72I002,Sand Springs,2019,94,29,109,34,90,28,29,9,37,37,50,16,112,35,100,31,60,19,50,50
3,72I003,Broken Arrow,2019,391,27,457,32,443,31,136,10,41,41,246,17,499,35,417,29,264,19,48,48
3,72I004,Bixby,2019,57,11,108,22,194,39,141,28,67,67,49,10,123,25,161,32,167,33,65,65
3,72I005,Jenks,2019,204,22,282,30,329,35,128,14,49,49,132,14,334,35,274,29,203,22,51,51
3,72I006,Collinsville,2019,41,22,44,24,75,41,23,13,54,54,21,11,55,30,62,34,45,25,59,59
3,72I007,Skiatook,2019,39,23,52,30,66,38,16,9,47,47,18,10,64,37,49,28,42,24,52,52
3,72I008,Sperry,2019,16,19,30,36,30,36,8,10,46,46,12,14,33,39,25,30,14,17,47,47
3,72I009,Union,2019,457,41,309,28,275,25,81,7,32,32,328,29,384,34,234,21,176,16,37,37
3,72I010,Berryhill,2019,17,20,21,25,39,46,7,8,54,54,12,14,26,31,30,36,16,19,55,55
3,72I011,Owasso,2019,115,16,188,26,300,41,120,17,58,58,67,9,187,26,243,34,225,31,65,65
3,72I013,Glenpool,2019,56,26,73,34,70,33,15,7,40,40,15,7,69,32,74,35,56,26,61,61
3,72I014,Liberty,2019,10,28,***,***,9,25,***,***,25,25,***,***,14,39,13,36,***,***,36,36
3,73I001,Okay,2019,***,***,10,38,7,27,***,***,27,27,***,***,9,35,4,15,***,***,15,15
3,73I017,Coweta,2019,57,25,80,36,75,33,13,6,39,39,27,12,92,41,68,30,39,17,47,47
3,73I019,Wagoner,2019,40,24,58,35,56,34,12,7,41,41,16,10,54,33,47,28,49,30,58,58
3,73I365,Porter Consolidated,2019,***,***,7,18,11,29,***,***,29,29,14,37,13,34,***,***,***,***,0,***
3,74I004,Copan,2019,4,36,***,***,4,36,***,***,36,36,5,45,4,36,***,***,***,***,0,***
3,74I007,Dewey,2019,22,22,34,34,39,39,4,4,43,43,14,14,32,33,32,33,20,20,53,53
3,74I018,Caney Valley,2019,27,44,***,***,12,20,***,***,20,20,12,20,24,39,17,28,8,13,41,41
3,74I030,Bartlesville,2019,115,26,148,34,141,32,35,8,40,40,81,18,146,33,127,29,85,19,48,48
3,75I001,Sentinel,2019,7,35,9,45,***,***,***,***,0,***,4,20,4,20,***,***,***,***,0,***
3,75I010,Burns Flat-Dill City,2019,15,35,15,35,***,***,***,***,0,***,9,21,***,***,14,33,***,***,33,33
3,75I011,Canute,2019,***,***,5,24,10,48,***,***,48,48,5,24,10,48,***,***,***,***,0,***
3,75I078,Cordell,2019,5,11,17,39,17,39,5,11,50,50,6,14,9,20,15,34,14,32,66,66
3,76I001,Alva,2019,9,13,17,25,31,45,12,17,62,62,4,6,14,20,27,39,24,35,74,74
3,76I003,Waynoka,2019,***,***,5,29,7,41,***,***,41,41,***,***,4,24,***,***,5,29,29,29
3,76I006,Freedom,2019,***,***,***,***,***,***,***,***,0,***,***,***,***,***,***,***,***,***,0,***
3,77I001,Woodward,2019,50,26,74,39,58,30,10,5,35,35,30,16,82,43,57,30,23,12,42,42
3,77I002,Mooreland,2019,15,33,20,43,***,***,***,***,0,***,7,15,23,50,12,26,4,9,35,35
3,77I003,Sharon-Mutual,2019,4,21,***,***,11,58,***,***,58,58,***,***,5,26,***,***,7,37,37,37
3,77I005,Fort Supply,2019,***,***,6,50,***,***,***,***,0,***,***,***,8,67,***,***,***,***,0,***
8,0,State,2019,12319,26,20418,43,10711,23,3626,8,31,31,21884,47,14314,30,6130,13,4655,10,23,23
8,01C019,Peavine,2019,***,***,***,***,***,***,***,***,0,***,***,***,***,***,***,***,***,***,0,***
8,01C022,Maryetta,2019,***,***,26,49,11,21,***,***,21,21,30,57,16,30,***,***,***,***,0,***
8,01C024,Rocky Mountain,2019,5,26,8,42,***,***,***,***,0,***,13,68,4,21,***,***,***,***,0,***
8,01C028,Zion,2019,***,***,12,38,10,31,***,***,31,31,***,***,9,28,8,25,***,***,25,25
8,01C029,Dahlonegah,2019,***,***,8,62,***,***,***,***,0,***,***,***,4,31,***,***,***,***,0,***
8,01C032,Greasy,2019,***,***,***,***,***,***,***,***,0,***,***,***,***,***,***,***,***,***,0,***
8,01I004,Watts,2019,***,***,8,62,***,***,***,***,0,***,7,54,4,31,***,***,***,***,0,***
8,01I011,Westville,2019,29,34,31,36,22,26,4,5,31,31,33,38,***,***,20,23,***,***,23,23
8,01I025,Stilwell,2019,***,***,31,46,10,15,***,***,15,15,36,54,20,30,6,9,5,7,16,16
8,01I030,Cave Springs,2019,***,***,4,36,***,***,***,***,0,***,10,91,***,***,***,***,***,***,0,***
8,02I001,Burlington,2019,***,***,***,***,***,***,***,***,0,***,***,***,***,***,***,***,***,***,0,***
8,02I046,Cherokee,2019,5,15,20,59,***,***,***,***,0,***,***,***,12,35,8,24,***,***,24,24
8,02I093,Timberlake,2019,***,***,7,35,7,35,***,***,35,35,8,40,4,20,4,20,4,20,40,40
8,03C021,Harmony,2019,***,***,9,60,***,***,***,***,0,***,4,27,7,47,***,***,***,***,0,***
8,03C022,Lane,2019,8,47,7,41,***,***,***,***,0,***,6,35,4,24,***,***,***,***,0,***
8,03I007,Stringtown,2019,4,24,11,65,***,***,***,***,0,***,11,65,5,29,***,***,***,***,0,***
8,03I015,Atoka,2019,12,22,***,***,20,37,***,***,37,37,27,50,21,39,***,***,***,***,0,***
8,03I019,Tushka,2019,4,15,***,***,6,22,***,***,22,22,10,37,11,41,***,***,***,***,0,***
8,03I026,Caney,2019,***,***,6,55,***,***,***,***,0,***,7,64,***,***,***,***,***,***,0,***
8,04I022,Beaver,2019,***,***,12,57,4,19,***,***,19,19,***,***,7,33,***,***,***,***,0,***
8,04I075,Balko,2019,***,***,8,44,7,39,***,***,39,39,7,39,6,33,***,***,***,***,0,***
8,04I123,Forgan,2019,***,***,***,***,***,***,***,***,0,***,***,***,***,***,***,***,***,***,0,***
8,04I128,Turpin,2019,5,15,14,42,10,30,4,12,42,42,12,36,14,42,***,***,***,***,0,***
8,05I002,Merritt,2019,5,9,25,47,19,36,4,8,44,44,19,36,***,***,7,13,***,***,13,13
8,05I006,Elk City,2019,27,17,75,47,46,29,11,7,36,36,91,57,49,31,14,9,5,3,12,12
8,05I031,Sayre,2019,5,12,***,***,14,33,***,***,33,33,***,***,12,28,7,16,***,***,16,16
8,05I051,Erick,2019,***,***,6,50,5,42,***,***,42,42,***,***,***,***,4,33,5,42,75,75
8,06I009,Okeene,2019,***,***,15,52,11,38,***,***,38,38,***,***,11,38,4,14,***,***,14,14
8,06I042,Watonga,2019,12,26,14,30,16,35,4,9,44,44,20,43,11,24,11,24,4,9,33,33
8,06I080,Geary,2019,10,43,11,48,***,***,***,***,0,***,13,57,6,26,***,***,***,***,0,***
8,06I105,Canton,2019,5,22,***,***,6,26,***,***,26,26,11,48,9,39,***,***,***,***,0,***
8,07I001,Silo,2019,***,***,41,57,12,17,***,***,17,17,36,50,21,29,10,14,5,7,21,21
8,07I002,Rock Creek,2019,12,27,21,48,***,***,***,***,0,***,19,43,14,32,7,16,4,9,25,25
8,07I003,Achille,2019,8,42,***,***,4,21,***,***,21,21,10,53,6,32,***,***,***,***,0,***
8,07I004,Colbert,2019,15,28,24,44,11,20,4,7,27,27,27,50,13,24,7,13,7,13,26,26
8,07I005,Caddo,2019,***,***,16,52,9,29,***,***,29,29,15,48,12,39,***,***,***,***,0,***
8,07I040,Bennington,2019,6,21,***,***,10,34,***,***,34,34,9,31,16,55,***,***,***,***,0,***
8,07I048,Calera,2019,***,***,16,34,18,38,***,***,38,38,15,32,***,***,9,19,***,***,19,19
8,07I072,Durant,2019,56,23,90,38,59,25,34,14,39,39,71,30,65,27,45,19,57,24,43,43
8,08B001,Riverside Indian School,2019,31,57,21,39,***,***,***,***,0,***,27,50,***,***,4,7,***,***,7,7
8,08I011,Hydro-Eakly,2019,***,***,13,48,9,33,***,***,33,33,4,15,15,56,4,15,4,15,30,30
8,08I012,Lookeba Sickles,2019,4,29,8,57,***,***,***,***,0,***,13,93,***,***,***,***,***,***,0,***
8,08I020,Anadarko,2019,29,29,***,***,23,23,***,***,23,23,63,64,24,24,6,6,6,6,12,12
8,08I033,Carnegie,2019,14,32,22,50,***,***,***,***,0,***,***,***,15,34,10,23,***,***,23,23
8,08I056,Boone-Apache,2019,***,***,19,51,8,22,***,***,22,22,17,46,11,30,5,14,4,11,25,25
8,08I064,Cyril,2019,***,***,10,36,6,21,***,***,21,21,17,61,7,25,***,***,***,***,0,***
8,08I086,Gracemont,2019,5,42,6,50,***,***,***,***,0,***,8,67,***,***,***,***,***,***,0,***
8,08I160,Cement,2019,6,33,8,44,***,***,***,***,0,***,12,67,4,22,***,***,***,***,0,***
8,08I161,Hinton,2019,17,26,32,49,***,***,***,***,0,***,44,68,18,28,***,***,***,***,0,***
8,08I167,Fort Cobb-Broxton,2019,6,32,***,***,5,26,***,***,26,26,10,53,7,37,***,***,***,***,0,***
8,08I168,Binger-Oney,2019,4,18,9,41,***,***,***,***,0,***,10,45,8,36,***,***,***,***,0,***
8,09C029,Riverside,2019,***,***,7,50,5,36,***,***,36,36,5,38,7,54,***,***,***,***,0,***
8,09C031,Banner,2019,5,29,***,***,7,41,***,***,41,41,6,35,***,***,***,***,7,41,41,41
8,09C070,Darlington,2019,***,***,11,65,5,29,***,***,29,29,***,***,9,56,***,***,***,***,0,***
8,09C162,Maple,2019,***,***,***,***,5,50,***,***,50,50,***,***,***,***,***,***,***,***,0,***
8,09I022,Piedmont,2019,48,16,125,43,90,31,29,10,41,41,79,27,102,35,57,20,53,18,38,38
8,09I027,Yukon,2019,125,19,315,48,160,24,60,9,33,33,175,26,249,38,116,18,122,18,36,36
8,09I034,El Reno,2019,46,25,91,50,35,19,9,5,24,24,72,40,68,37,32,18,10,5,23,23
8,09I057,Union City,2019,***,***,14,54,8,31,***,***,31,31,8,31,***,***,5,19,***,***,19,19
8,09I069,Mustang,2019,167,20,355,43,228,27,80,10,37,37,283,34,299,36,136,16,108,13,29,29
8,09I076,Calumet,2019,***,***,6,55,***,***,***,***,0,***,6,55,***,***,***,***,***,***,0,***
8,10C072,Zaneis,2019,***,***,8,35,6,26,***,***,26,26,16,70,***,***,4,17,***,***,17,17
8,10I019,Ardmore,2019,57,31,84,46,35,19,5,3,22,22,105,59,54,31,12,7,6,3,10,10
8,10I021,Springer,2019,7,50,5,36,***,***,***,***,0,***,9,64,***,***,***,***,***,***,0,***
8,10I027,Plainview,2019,19,15,47,37,41,33,19,15,48,48,34,27,50,40,21,17,21,17,34,34
8,10I032,Lone Grove,2019,15,14,53,49,29,27,11,10,37,37,43,40,***,***,8,7,***,***,7,7
8,10I043,Wilson,2019,8,36,13,59,***,***,***,***,0,***,13,59,8,36,***,***,***,***,0,***
8,10I055,Healdton,2019,***,***,10,34,5,17,***,***,17,17,18,62,9,31,***,***,***,***,0,***
8,10I074,Fox,2019,7,39,7,39,***,***,***,***,0,***,11,61,5,28,***,***,***,***,0,***
8,10I077,Dickson,2019,***,***,38,48,18,23,***,***,23,23,35,44,36,45,5,6,4,5,11,11
8,11C010,Lowrey,2019,***,***,8,57,***,***,***,***,0,***,10,71,***,***,***,***,***,***,0,***
8,11C014,Norwood,2019,***,***,***,***,***,***,***,***,0,***,***,***,***,***,***,***,***,***,0,***
8,11C021,Woodall,2019,***,***,20,61,***,***,4,12,12,12,7,21,15,45,7,21,4,12,33,33
8,11C026,Shady Grove,2019,***,***,***,***,***,***,***,***,0,***,***,***,***,***,***,***,***,***,0,***
8,11C031,Peggs,2019,6,29,5,24,***,***,***,***,0,***,8,38,8,38,***,***,***,***,0,***
8,11C034,Grand View,2019,***,***,18,36,14,28,***,***,28,28,24,48,17,34,***,***,***,***,0,***
8,11C044,Briggs,2019,6,18,15,44,7,21,6,18,39,39,12,35,15,44,***,***,***,***,0,***
8,11C066,Tenkiller,2019,***,***,14,74,***,***,***,***,0,***,9,47,9,47,***,***,***,***,0,***
8,11I006,Keys,2019,9,24,11,30,13,35,4,11,46,46,10,27,5,14,9,24,13,35,59,59
8,11I016,Hulbert,2019,13,33,21,53,***,***,***,***,0,***,25,63,13,33,***,***,***,***,0,***
8,11I035,Tahlequah,2019,35,16,108,48,60,27,21,9,36,36,74,33,75,33,34,15,41,18,33,33
8,11T001,Cherokee Immersion Charter Sch,2019,8,42,***,***,6,32,***,***,32,32,7,37,5,26,***,***,***,***,0,***
8,12C021,Swink,2019,***,***,***,***,***,***,***,***,0,***,***,***,***,***,***,***,***,***,0,***
8,12I001,Boswell,2019,10,32,14,45,***,***,***,***,0,***,20,65,10,32,***,***,***,***,0,***
8,12I002,Fort Towson,2019,4,21,11,58,***,***,***,***,0,***,14,74,4,21,***,***,***,***,0,***
8,12I004,Soper,2019,***,***,13,50,6,23,***,***,23,23,15,58,9,35,***,***,***,***,0,***
8,12I039,Hugo,2019,42,47,36,40,***,***,***,***,0,***,67,75,16,18,***,***,***,***,0,***
8,13I002,Boise City,2019,4,22,11,61,***,***,***,***,0,***,10,56,7,39,***,***,***,***,0,***
8,13I010,Felt,2019,***,***,***,***,***,***,***,***,0,***,***,***,***,***,***,***,***,***,0,***
8,14C016,Robin Hill,2019,***,***,5,42,4,33,***,***,33,33,4,33,5,42,***,***,***,***,0,***
8,14I002,Moore,2019,321,18,750,43,513,29,176,10,39,39,622,35,580,33,285,16,270,15,31,31
8,14I029,Norman,2019,246,23,413,39,287,27,107,10,37,37,463,44,315,30,142,14,124,12,26,26
8,14I040,Noble,2019,47,25,89,48,34,18,17,9,27,27,84,46,65,35,19,10,16,9,19,19
8,14I057,Lexington,2019,11,18,34,57,11,18,4,7,25,25,44,73,13,22,***,***,***,***,0,***
8,14I070,Little Axe,2019,37,36,***,***,19,19,***,***,19,19,72,71,26,25,***,***,***,***,0,***
8,15C004,Cottonwood,2019,***,***,***,***,***,***,***,***,0,***,***,***,***,***,***,***,***,***,0,***
8,15I001,Coalgate,2019,9,23,15,38,8,21,7,18,39,39,***,***,12,31,5,13,***,***,13,13
8,15I002,Tupelo,2019,5,33,9,60,***,***,***,***,0,***,12,80,***,***,***,***,***,***,0,***
8,16I001,Cache,2019,31,18,68,40,53,32,16,10,42,42,87,52,53,32,17,10,10,6,16,16
8,16I002,Indiahoma,2019,***,***,8,47,4,24,***,***,24,24,10,59,***,***,***,***,***,***,0,***
8,16I003,Sterling,2019,***,***,16,50,6,19,***,***,19,19,5,15,15,45,6,18,7,21,39,39
8,16I004,Geronimo,2019,6,22,***,***,5,19,***,***,19,19,11,41,12,44,***,***,***,***,0,***
8,16I008,Lawton,2019,214,23,377,41,242,26,81,9,35,35,343,38,314,34,153,17,104,11,28,28
8,16I009,Fletcher,2019,12,48,8,32,***,***,***,***,0,***,***,***,6,24,***,***,***,***,0,***
8,16I016,Elgin,2019,26,14,77,41,56,30,30,16,46,46,65,34,67,35,37,19,23,12,31,31
8,16I132,Chattanooga,2019,5,31,7,44,***,***,***,***,0,***,12,75,***,***,***,***,***,***,0,***
8,17I001,Walters,2019,8,18,21,48,10,23,5,11,34,34,17,39,19,43,4,9,4,9,18,18
8,17I101,Temple,2019,***,***,8,62,***,***,***,***,0,***,***,***,9,69,***,***,***,***,0,***
8,17I333,Big Pasture,2019,***,***,7,58,***,***,***,***,0,***,5,42,6,50,***,***,***,***,0,***
8,18C001,White Oak,2019,***,***,***,***,***,***,***,***,0,***,***,***,***,***,***,***,***,***,0,***
8,18I006,Ketchum,2019,***,***,15,37,8,20,***,***,20,20,18,44,12,29,7,17,4,10,27,27
8,18I017,Welch,2019,***,***,12,63,4,21,***,***,21,21,13,68,4,21,***,***,***,***,0,***
8,18I020,Bluejacket,2019,4,33,***,***,***,***,***,***,0,***,8,67,***,***,***,***,***,***,0,***
8,18I065,Vinita,2019,26,29,37,41,20,22,8,9,31,31,47,52,22,24,16,18,6,7,25,25
8,19C008,Lone Star,2019,8,10,37,46,31,38,5,6,44,44,***,***,31,38,14,17,***,***,17,17
8,19C012,Gypsy,2019,***,***,***,***,***,***,***,***,0,***,***,***,***,***,***,***,***,***,0,***
8,19C034,Pretty Water,2019,***,***,9,31,8,28,***,***,28,28,22,76,5,17,***,***,***,***,0,***
8,19C035,Allen-Bowden,2019,6,22,11,41,***,***,***,***,0,***,14,52,10,37,***,***,***,***,0,***
8,19I002,Bristow,2019,12,11,37,35,42,40,14,13,53,53,28,27,46,44,25,24,6,6,30,30
8,19I003,Mannford,2019,29,27,41,38,23,21,14,13,34,34,24,22,31,29,18,17,34,32,49,49
8,19I005,Mounds,2019,14,33,15,36,8,19,5,12,31,31,24,57,14,33,***,***,***,***,0,***
8,19I017,Olive,2019,5,21,12,50,***,***,***,***,0,***,14,58,5,21,***,***,***,***,0,***
8,19I018,Kiefer,2019,***,***,23,46,17,34,***,***,34,34,7,14,14,28,13,26,16,32,58,58
8,19I020,Oilton,2019,***,***,10,50,7,35,***,***,35,35,8,40,***,***,***,***,4,20,20,20
8,19I021,Depew,2019,4,14,15,52,***,***,***,***,0,***,***,***,8,27,7,23,***,***,23,23
8,19I031,Kellyville,2019,16,23,***,***,14,20,***,***,20,20,30,43,28,40,8,11,4,6,17,17
8,19I033,Sapulpa,2019,63,28,98,43,52,23,15,7,30,30,78,35,65,29,51,23,32,14,37,37
8,19I039,Drumright,2019,8,24,19,58,***,***,***,***,0,***,12,36,16,48,***,***,***,***,0,***
8,20I005,Arapaho-Butler,2019,4,18,***,***,9,41,***,***,41,41,4,18,7,32,6,27,5,23,50,50
8,20I007,Thomas-Fay-Custer Unified Dist,2019,***,***,14,42,7,21,***,***,21,21,15,45,***,***,8,24,***,***,24,24
8,20I026,Weatherford,2019,31,20,72,46,40,25,14,9,34,34,55,35,63,40,27,17,12,8,25,25
8,20I099,Clinton,2019,42,26,78,48,24,15,18,11,26,26,69,42,50,31,30,18,14,9,27,27
8,21C006,Cleora,2019,***,***,***,***,***,***,***,***,0,***,***,***,***,***,***,***,***,***,0,***
8,21C014,Leach,2019,***,***,7,54,***,***,***,***,0,***,6,46,4,31,***,***,***,***,0,***
8,21C030,Kenwood,2019,5,50,4,40,***,***,***,***,0,***,8,80,***,***,***,***,***,***,0,***
8,21C034,Moseley,2019,***,***,10,45,6,27,***,***,27,27,9,41,9,41,***,***,***,***,0,***
8,21I001,Jay,2019,35,28,60,48,26,21,4,3,24,24,55,43,47,37,19,15,6,5,20,20
8,21I002,Grove,2019,28,16,83,47,58,33,9,5,38,38,43,24,65,37,43,24,27,15,39,39
8,21I003,Kansas,2019,***,***,26,42,15,24,***,***,24,24,***,***,11,18,4,6,***,***,6,6
8,21I004,Colcord,2019,***,***,18,47,7,18,***,***,18,18,14,37,13,34,7,18,4,11,29,29
8,21I005,Oaks-Mission,2019,***,***,5,38,***,***,***,***,0,***,9,69,***,***,***,***,***,***,0,***
8,22I005,Vici,2019,***,***,***,***,6,21,4,14,35,35,12,43,9,32,***,***,***,***,0,***
8,22I008,Seiling,2019,6,20,16,53,***,***,***,***,0,***,18,60,9,30,***,***,***,***,0,***
8,22I010,Taloga,2019,***,***,***,***,***,***,***,***,0,***,***,***,***,***,***,***,***,***,0,***
8,23I002,Fargo,2019,5,31,8,50,***,***,***,***,0,***,7,44,6,38,***,***,***,***,0,***
8,23I003,Arnett,2019,***,***,7,47,5,33,***,***,33,33,***,***,5,33,***,***,5,33,33,33
8,23I042,Shattuck,2019,6,18,14,42,9,27,4,12,39,39,22,67,10,30,***,***,***,***,0,***
8,24I001,Waukomis,2019,***,***,16,64,***,***,4,16,16,16,4,16,11,44,5,20,5,20,40,40
8,24I018,Kremlin-Hillsdale,2019,***,***,16,55,7,24,***,***,24,24,18,62,10,34,***,***,***,***,0,***
8,24I042,Chisholm,2019,11,14,29,37,24,30,15,19,49,49,11,14,33,42,19,24,16,20,44,44
8,24I047,Garber,2019,***,***,19,66,5,17,***,***,17,17,6,21,14,48,***,***,***,***,0,***
8,24I056,Pioneer-Pleasant Vale,2019,5,12,***,***,9,22,***,***,22,22,13,32,16,39,8,20,4,10,30,30
8,24I057,Enid,2019,169,31,237,43,107,19,41,7,26,26,310,56,133,24,56,10,52,9,19,19
8,24I085,Drummond,2019,7,41,7,41,***,***,***,***,0,***,7,41,8,47,***,***,***,***,0,***
8,24I094,Covington-Douglas,2019,6,26,11,48,***,***,***,***,0,***,7,30,***,***,5,22,***,***,22,22
8,25C016,Whitebead,2019,6,18,14,41,7,21,7,21,42,42,5,15,5,15,14,41,10,29,70,70
8,25I002,Stratford,2019,6,12,23,47,12,24,8,16,40,40,11,22,18,37,12,24,8,16,40,40
8,25I005,Paoli,2019,7,50,4,29,***,***,***,***,0,***,***,***,***,***,***,***,***,***,0,***
8,25I007,Maysville,2019,7,44,6,38,***,***,***,***,0,***,8,50,7,44,***,***,***,***,0,***
8,25I009,Lindsay,2019,10,14,31,45,19,28,9,13,41,41,18,26,28,41,11,16,12,17,33,33
8,25I018,Pauls Valley,2019,12,15,***,***,25,32,***,***,32,32,13,17,39,50,17,22,9,12,34,34
8,25I038,Wynnewood,2019,18,41,18,41,4,9,4,9,18,18,27,61,9,20,4,9,4,9,18,18
8,25I072,Elmore City-Pernell,2019,9,24,***,***,8,21,***,***,21,21,***,***,13,34,***,***,***,***,0,***
8,26C037,Friend,2019,***,***,14,64,5,23,***,***,23,23,***,***,9,41,4,18,***,***,18,18
8,26C096,Middleberg,2019,***,***,8,53,4,27,***,***,27,27,5,33,7,47,***,***,***,***,0,***
8,26C131,Pioneer,2019,***,***,10,28,***,***,11,31,31,31,6,17,12,33,7,19,11,31,50,50
8,26I001,Chickasha,2019,44,31,54,38,32,23,12,8,31,31,86,61,34,24,9,6,13,9,15,15
8,26I002,Minco,2019,***,***,21,51,9,22,***,***,22,22,12,29,13,32,11,27,5,12,39,39
8,26I051,Ninnekah,2019,***,***,20,59,10,29,***,***,29,29,20,59,11,32,***,***,***,***,0,***
8,26I056,Alex,2019,***,***,11,65,***,***,***,***,0,***,4,24,9,53,***,***,***,***,0,***
8,26I068,Rush Springs,2019,8,18,21,47,12,27,4,9,36,36,29,64,12,27,***,***,***,***,0,***
8,26I095,Bridge Creek,2019,18,15,59,48,33,27,13,11,38,38,20,16,51,41,40,33,12,10,43,43
8,26I097,Tuttle,2019,15,10,72,48,40,27,22,15,42,42,39,26,57,38,34,23,19,13,36,36
8,26I099,Verden,2019,4,19,***,***,4,19,***,***,19,19,20,95,***,***,***,***,***,***,0,***
8,26I128,Amber-Pocasset,2019,***,***,18,45,12,30,***,***,30,30,11,28,18,45,6,15,5,13,28,28
8,27I054,Medford,2019,***,***,5,31,9,56,***,***,56,56,4,25,10,63,***,***,***,***,0,***
8,27I090,Pond Creek-Hunter,2019,***,***,12,48,6,24,***,***,24,24,17,68,6,24,***,***,***,***,0,***
8,27I095,Deer Creek-Lamont,2019,***,***,***,***,***,***,***,***,0,***,***,***,***,***,***,***,***,***,0,***
8,28I001,Mangum,2019,10,20,17,33,17,33,7,14,47,47,21,41,17,33,***,***,***,***,0,***
8,28I003,Granite,2019,***,***,7,47,5,33,***,***,33,33,***,***,8,53,***,***,***,***,0,***
8,29I066,Hollis,2019,17,36,25,53,***,***,***,***,0,***,33,70,10,21,***,***,***,***,0,***
8,30I001,Laverne,2019,8,26,11,35,8,26,4,13,39,39,8,26,10,32,9,29,4,13,42,42
8,30I004,Buffalo,2019,6,22,16,59,***,***,***,***,0,***,15,56,6,22,***,***,***,***,0,***
8,31C010,Whitefield,2019,6,55,***,***,***,***,***,***,0,***,7,70,***,***,***,***,***,***,0,***
8,31I013,Kinta,2019,5,36,6,43,***,***,***,***,0,***,6,43,6,43,***,***,***,***,0,***
8,31I020,Stigler,2019,***,***,35,42,21,25,***,***,25,25,36,43,23,28,15,18,9,11,29,29
8,31I037,Mccurtain,2019,4,31,6,46,***,***,***,***,0,***,9,69,***,***,***,***,***,***,0,***
8,31I043,Keota,2019,4,15,16,59,***,***,***,***,0,***,8,30,***,***,8,30,***,***,30,30
8,32I001,Moss,2019,***,***,10,53,4,21,***,***,21,21,16,80,***,***,***,***,***,***,0,***
8,32I005,Wetumka,2019,***,***,15,48,6,19,***,***,19,19,21,68,8,26,***,***,***,***,0,***
8,32I035,Holdenville,2019,25,35,29,41,12,17,5,7,24,24,51,72,14,20,***,***,***,***,0,***
8,32I048,Calvin,2019,***,***,5,38,5,38,***,***,38,38,4,31,***,***,4,31,***,***,31,31
8,32I054,Stuart,2019,***,***,17,71,***,***,***,***,0,***,15,63,6,25,***,***,***,***,0,***
8,33I001,Navajo,2019,7,15,20,43,16,34,4,9,43,43,16,34,18,38,5,11,8,17,28,28
8,33I014,Duke,2019,***,***,***,***,***,***,***,***,0,***,***,***,***,***,***,***,***,***,0,***
8,33I018,Altus,2019,52,24,74,34,57,26,34,16,42,42,71,33,68,32,37,17,39,18,35,35
8,33I040,Olustee-Eldorado Public School,2019,***,***,***,***,***,***,***,***,0,***,***,***,***,***,***,***,***,***,0,***
8,33I054,Blair,2019,6,26,11,48,***,***,***,***,0,***,***,***,9,39,***,***,6,26,26,26
8,34C003,Terral,2019,***,***,***,***,***,***,***,***,0,***,***,***,***,***,***,***,***,***,0,***
8,34I001,Ryan,2019,5,31,7,44,***,***,***,***,0,***,11,69,***,***,***,***,***,***,0,***
8,34I014,Ringling,2019,9,43,9,43,***,***,***,***,0,***,18,86,***,***,***,***,***,***,0,***
8,34I023,Waurika,2019,10,40,***,***,5,20,***,***,20,20,19,76,4,16,***,***,***,***,0,***
8,35C007,Mannsville,2019,***,***,***,***,***,***,***,***,0,***,***,***,***,***,***,***,***,***,0,***
8,35C010,Ravia,2019,***,***,***,***,***,***,***,***,0,***,***,***,***,***,***,***,***,***,0,***
8,35I002,Mill Creek,2019,4,36,6,55,***,***,***,***,0,***,6,55,***,***,***,***,***,***,0,***
8,35I020,Tishomingo,2019,24,34,***,***,15,21,***,***,21,21,41,58,22,31,***,***,***,***,0,***
8,35I029,Milburn,2019,***,***,7,64,***,***,***,***,0,***,10,91,***,***,***,***,***,***,0,***
8,35I035,Coleman,2019,***,***,***,***,***,***,***,***,0,***,***,***,***,***,***,***,***,***,0,***
8,35I037,Wapanucka,2019,15,56,10,37,***,***,***,***,0,***,22,81,4,15,***,***,***,***,0,***
8,36C027,Peckham,2019,***,***,***,***,***,***,***,***,0,***,***,***,***,***,***,***,***,***,0,***
8,36I045,Blackwell,2019,31,42,26,36,***,***,***,***,0,***,33,45,21,29,10,14,9,12,26,26
8,36I071,Ponca City,2019,79,22,170,48,76,21,29,8,29,29,168,47,92,26,51,14,46,13,27,27
8,36I087,Tonkawa,2019,11,23,27,56,***,***,***,***,0,***,37,77,***,***,***,***,***,***,0,***
8,36I125,Newkirk,2019,17,30,31,54,***,***,***,***,0,***,***,***,7,12,4,7,***,***,7,7
8,37I002,Dover,2019,***,***,4,36,6,55,***,***,55,55,***,***,***,***,5,45,***,***,45,45
8,37I003,Lomega,2019,***,***,9,45,***,***,4,20,20,20,10,50,7,35,***,***,***,***,0,***
8,37I007,Kingfisher,2019,12,12,36,36,35,35,16,16,51,51,30,30,28,28,16,16,25,25,41,41
8,37I016,Hennessey,2019,12,26,***,***,7,15,***,***,15,15,25,53,18,38,***,***,***,***,0,***
8,37I089,Cashion,2019,***,***,23,55,8,19,***,***,19,19,29,69,10,24,***,***,***,***,0,***
8,37I105,Okarche,2019,***,***,***,***,7,30,5,22,52,52,***,***,10,43,4,17,***,***,17,17
8,38I001,Hobart,2019,12,23,***,***,9,17,***,***,17,17,***,***,18,34,11,21,***,***,21,21
8,38I002,Lone Wolf,2019,***,***,***,***,***,***,***,***,0,***,***,***,***,***,***,***,***,***,0,***
8,38I003,Mountain View-Gotebo,2019,***,***,4,36,5,45,***,***,45,45,***,***,***,***,***,***,4,36,36,36
8,38I004,Snyder,2019,***,***,15,47,5,16,***,***,16,16,***,***,10,31,4,13,***,***,13,13
8,39I001,Wilburton,2019,***,***,22,50,17,39,***,***,39,39,9,20,21,48,9,20,5,11,31,31
8,39I002,Red Oak,2019,5,22,11,48,***,***,***,***,0,***,***,***,7,30,6,26,***,***,26,26
8,39I003,Buffalo Valley,2019,8,67,***,***,***,***,***,***,0,***,11,92,***,***,***,***,***,***,0,***
8,39I004,Panola,2019,***,***,***,***,***,***,***,***,0,***,***,***,***,***,***,***,***,***,0,***
8,40C004,Shady Point,2019,6,55,4,36,***,***,***,***,0,***,8,73,***,***,***,***,***,***,0,***
8,40C011,Monroe,2019,4,40,5,50,***,***,***,***,0,***,6,60,***,***,***,***,***,***,0,***
8,40C014,Hodgen,2019,***,***,10,53,4,21,***,***,21,21,4,21,8,42,***,***,***,***,0,***
8,40C039,Fanshawe,2019,***,***,***,***,***,***,***,***,0,***,***,***,***,***,***,***,***,***,0,***
8,40I002,Spiro,2019,20,27,37,51,***,***,***,***,0,***,15,20,35,47,19,26,5,7,33,33
8,40I003,Heavener,2019,16,25,***,***,13,20,***,***,20,20,47,73,15,23,***,***,***,***,0,***
8,40I007,Pocola,2019,***,***,27,54,11,22,***,***,22,22,14,28,20,40,10,20,6,12,32,32
8,40I016,Le Flore,2019,4,20,***,***,8,40,***,***,40,40,***,***,9,45,***,***,5,25,25,25
8,40I017,Cameron,2019,7,54,4,31,***,***,***,***,0,***,12,92,***,***,***,***,***,***,0,***
8,40I020,Panama,2019,16,36,20,44,4,9,5,11,20,20,33,75,8,18,***,***,***,***,0,***
8,40I026,Bokoshe,2019,***,***,***,***,***,***,***,***,0,***,***,***,***,***,***,***,***,***,0,***
8,40I029,Poteau,2019,54,39,57,41,19,14,8,6,20,20,73,53,29,21,16,12,20,14,26,26
8,40I049,Wister,2019,***,***,22,67,5,15,***,***,15,15,21,64,9,27,***,***,***,***,0,***
8,40I052,Talihina,2019,12,38,***,***,8,25,***,***,25,25,***,***,10,31,***,***,***,***,0,***
8,40I062,Whitesboro,2019,7,47,6,40,***,***,***,***,0,***,13,87,***,***,***,***,***,***,0,***
8,40I067,Howe,2019,7,20,21,60,***,***,***,***,0,***,24,73,7,21,***,***,***,***,0,***
8,40I091,Arkoma,2019,6,21,12,43,5,18,5,18,36,36,14,50,***,***,5,18,***,***,18,18
8,41C005,White Rock,2019,***,***,***,***,***,***,***,***,0,***,***,***,***,***,***,***,***,***,0,***
8,41I001,Chandler,2019,14,14,51,53,25,26,7,7,33,33,31,32,35,36,22,23,9,9,32,32
8,41I003,Davenport,2019,7,25,***,***,5,18,***,***,18,18,***,***,8,29,***,***,***,***,0,***
8,41I004,Wellston,2019,9,23,19,48,***,***,***,***,0,***,***,***,16,40,7,18,***,***,18,18
8,41I054,Stroud,2019,***,***,22,43,15,29,***,***,29,29,***,***,22,42,5,10,***,***,10,10
8,41I095,Meeker,2019,8,19,22,52,***,***,***,***,0,***,18,43,10,24,9,21,5,12,33,33
8,41I103,Prague,2019,9,12,37,48,24,31,7,9,40,40,18,23,35,45,17,22,7,9,31,31
8,41I105,Carney,2019,***,***,6,46,4,31,***,***,31,31,***,***,5,38,***,***,***,***,0,***
8,41I134,Agra,2019,8,47,8,47,***,***,***,***,0,***,15,88,***,***,***,***,***,***,0,***
8,42I001,Guthrie,2019,67,30,84,38,53,24,19,9,33,33,63,29,81,37,42,19,35,16,35,35
8,42I002,Crescent,2019,16,31,26,50,6,12,4,8,20,20,***,***,15,28,5,9,***,***,9,9
8,42I003,Mulhall-Orlando,2019,***,***,7,37,8,42,***,***,42,42,***,***,7,37,***,***,7,37,37,37
8,42I014,Coyle,2019,***,***,9,41,***,***,***,***,0,***,18,82,***,***,***,***,***,***,0,***
8,43C003,Greenville,2019,***,***,***,***,***,***,***,***,0,***,***,***,***,***,***,***,***,***,0,***
8,43I004,Thackerville,2019,4,22,11,61,***,***,***,***,0,***,***,***,6,33,4,22,***,***,22,22
8,43I005,Turner,2019,8,32,10,40,***,***,***,***,0,***,13,52,9,36,***,***,***,***,0,***
8,43I016,Marietta,2019,23,28,36,44,17,21,6,7,28,28,22,27,29,35,21,26,10,12,38,38
8,44I001,Ringwood,2019,11,37,***,***,6,20,***,***,20,20,10,33,11,37,4,13,5,17,30,30
8,44I004,Aline-Cleo,2019,***,***,***,***,***,***,***,***,0,***,***,***,***,***,***,***,***,***,0,***
8,44I084,Fairview,2019,12,25,***,***,11,23,***,***,23,23,14,29,19,40,8,17,7,15,32,32
8,44I092,Cimarron,2019,6,35,9,53,***,***,***,***,0,***,10,59,6,35,***,***,***,***,0,***
8,45I002,Madill,2019,18,16,51,46,29,26,13,12,38,38,48,43,38,34,13,12,12,11,23,23
8,45I003,Kingston,2019,12,16,36,49,20,27,6,8,35,35,33,45,27,36,8,11,6,8,19,19
8,46C035,Wickliffe,2019,***,***,***,***,***,***,***,***,0,***,***,***,***,***,***,***,***,***,0,***
8,46C043,Osage,2019,***,***,***,***,***,***,***,***,0,***,***,***,***,***,***,***,***,***,0,***
8,46I001,Pryor,2019,43,24,85,47,38,21,15,8,29,29,62,35,68,38,31,18,16,9,27,27
8,46I002,Adair,2019,10,13,38,51,19,25,8,11,36,36,23,31,28,37,10,13,14,19,32,32
8,46I016,Salina,2019,15,23,32,48,15,23,4,6,29,29,9,14,26,39,20,30,11,17,47,47
8,46I017,Locust Grove,2019,29,29,37,37,25,25,9,9,34,34,32,32,29,29,28,28,10,10,38,38
8,46I032,Chouteau-Mazie,2019,19,32,22,37,14,24,4,7,31,31,32,54,19,32,***,***,***,***,0,***
8,47I001,Newcastle,2019,16,12,65,47,43,31,15,11,42,42,50,36,46,33,25,18,17,12,30,30
8,47I002,Dibble,2019,21,37,24,42,7,12,5,9,21,21,40,69,16,28,***,***,***,***,0,***
8,47I005,Washington,2019,16,18,43,47,24,26,8,9,35,35,25,27,37,40,16,17,14,15,32,32
8,47I010,Wayne,2019,15,38,20,50,***,***,***,***,0,***,17,43,17,43,***,***,***,***,0,***
8,47I015,Purcell,2019,***,***,35,44,20,25,***,***,25,25,37,46,24,30,9,11,10,13,24,24
8,47I029,Blanchard,2019,14,10,55,40,48,35,21,15,50,50,43,31,62,45,21,15,12,9,24,24
8,48C001,Forest Grove,2019,5,36,6,43,***,***,***,***,0,***,11,79,***,***,***,***,***,***,0,***
8,48C009,Lukfata,2019,***,***,14,41,***,***,4,12,12,12,17,50,13,38,***,***,***,***,0,***
8,48C023,Glover,2019,***,***,***,***,***,***,***,***,0,***,***,***,***,***,***,***,***,***,0,***
8,48C037,Denison,2019,***,***,***,***,7,44,6,38,82,82,***,***,***,***,4,25,4,25,50,50
8,48C072,Holly Creek,2019,4,27,***,***,5,33,***,***,33,33,7,47,4,27,***,***,***,***,0,***
8,48I005,Idabel,2019,19,30,29,45,***,***,***,***,0,***,31,48,18,28,9,14,6,9,23,23
8,48I006,Haworth,2019,***,***,20,54,6,16,***,***,16,16,18,49,15,41,***,***,***,***,0,***
8,48I011,Valliant,2019,11,20,28,52,11,20,4,7,27,27,11,20,26,48,9,17,8,15,32,32
8,48I013,Eagletown,2019,5,38,7,54,***,***,***,***,0,***,***,***,5,38,***,***,***,***,0,***
8,48I014,Smithville,2019,8,32,13,52,***,***,***,***,0,***,9,36,15,60,***,***,***,***,0,***
8,48I039,Wright City,2019,4,13,19,61,4,13,4,13,26,26,21,68,8,26,***,***,***,***,0,***
8,48I071,Battiest,2019,***,***,11,69,***,***,***,***,0,***,6,38,9,56,***,***,***,***,0,***
8,48I074,Broken Bow,2019,26,25,53,51,18,17,6,6,23,23,57,55,31,30,10,10,5,5,15,15
8,49C003,Ryal,2019,***,***,***,***,***,***,***,***,0,***,***,***,***,***,***,***,***,***,0,***
8,49C016,Stidham,2019,***,***,***,***,***,***,***,***,0,***,***,***,***,***,***,***,***,***,0,***
8,49I001,Eufaula,2019,25,30,35,43,17,21,5,6,27,27,40,49,21,26,15,18,6,7,25,25
8,49I019,Checotah,2019,24,28,43,49,16,18,4,5,23,23,46,53,27,31,6,7,8,9,16,16
8,49I027,Midway,2019,6,40,7,47,***,***,***,***,0,***,11,73,***,***,***,***,***,***,0,***
8,49I064,Hanna,2019,***,***,***,***,***,***,***,***,0,***,***,***,***,***,***,***,***,***,0,***
8,50H000,Oklahoma School For The Deaf,2019,12,92,***,***,***,***,***,***,0,***,***,***,***,***,***,***,***,***,0,***
8,50I001,Sulphur,2019,16,17,38,41,30,32,9,10,42,42,27,29,29,31,25,27,12,13,40,40
8,50I010,Davis,2019,24,33,32,44,12,17,4,6,23,23,61,82,9,12,***,***,***,***,0,***
8,51C009,Wainwright,2019,***,***,***,***,***,***,***,***,0,***,***,***,***,***,***,***,***,***,0,***
8,51H000,Oklahoma School For The Blind,2019,***,***,***,***,***,***,***,***,0,***,***,***,***,***,***,***,***,***,0,***
8,51I002,Haskell,2019,20,44,***,***,8,18,***,***,18,18,21,47,***,***,9,20,***,***,20,20
8,51I003,Fort Gibson,2019,18,15,55,47,34,29,11,9,38,38,23,19,36,31,22,19,37,31,50,50
8,51I006,Webbers Falls,2019,***,***,9,43,4,19,***,***,19,19,15,71,5,24,***,***,***,***,0,***
8,51I008,Oktaha,2019,12,21,26,46,14,25,4,7,32,32,***,***,29,53,14,25,***,***,25,25
8,51I020,Muskogee,2019,155,41,136,36,59,15,31,8,23,23,270,71,61,16,18,5,31,8,13,13
8,51I029,Hilldale,2019,19,15,63,49,37,29,10,8,37,37,29,22,50,39,20,16,30,23,39,39
8,51I046,Braggs,2019,***,***,5,45,***,***,***,***,0,***,6,55,***,***,***,***,***,***,0,***
8,51I074,Warner,2019,***,***,14,27,27,53,***,***,53,53,***,***,16,31,***,***,10,20,20,20
8,51I088,Porum,2019,12,27,11,25,14,32,7,16,48,48,20,44,14,31,4,9,7,16,25,25
8,52I001,Perry,2019,10,16,40,63,10,16,4,6,22,22,35,55,24,38,***,***,***,***,0,***
8,52I002,Billings,2019,***,***,***,***,***,***,***,***,0,***,***,***,***,***,***,***,***,***,0,***
8,52I004,Frontier,2019,7,24,14,48,***,***,***,***,0,***,***,***,9,33,6,22,***,***,22,22
8,52I006,Morrison,2019,8,20,25,61,***,***,***,***,0,***,16,38,***,***,8,19,***,***,19,19
8,53I003,Oklahoma Union,2019,***,***,17,44,12,31,***,***,31,31,16,41,***,***,5,13,***,***,13,13
8,53I040,Nowata,2019,15,28,22,41,11,20,6,11,31,31,11,20,18,33,13,24,12,22,46,46
8,53I051,South Coffeyville,2019,5,42,***,***,***,***,***,***,0,***,***,***,***,***,***,***,***,***,0,***
8,54C029,Bearden,2019,***,***,***,***,***,***,***,***,0,***,***,***,***,***,***,***,***,***,0,***
8,54I002,Mason,2019,8,38,11,52,***,***,***,***,0,***,13,62,6,29,***,***,***,***,0,***
8,54I014,Paden,2019,8,38,11,52,***,***,***,***,0,***,16,76,4,19,***,***,***,***,0,***
8,54I026,Okemah,2019,22,46,***,***,9,19,***,***,19,19,***,***,17,35,4,8,***,***,8,8
8,54I031,Weleetka,2019,24,59,12,29,***,***,***,***,0,***,***,***,11,27,***,***,***,***,0,***
8,54I054,Graham-Dustin,2019,***,***,***,***,***,***,***,***,0,***,***,***,***,***,***,***,***,***,0,***
8,54I054105,Graham ES,2019,***,***,***,***,***,***,***,***,0,***,***,***,***,***,***,***,***,***,0,***
8,55C029,Oakdale,2019,7,11,16,25,22,34,19,30,64,64,7,11,14,22,14,22,29,45,67,67
8,55C074,Crutcho,2019,8,30,17,63,***,***,***,***,0,***,18,67,8,30,***,***,***,***,0,***
8,5.50E+02,OKC Charter: Independence MS,2019,21,21,50,51,***,***,***,***,0,***,44,45,38,39,11,11,5,5,16,16
8,5.50E+03,OKC Charter: Seeworth Academy,2019,***,***,7,35,***,***,***,***,0,***,***,***,***,***,***,***,***,***,0,***
8,5.50E+13,OKC Charter: Kipp Reach Coll.,2019,***,***,12,28,14,33,***,***,33,33,5,12,4,9,13,30,21,49,79,79
8,5.50E+22,OKC Charter-Santa Fe South,2019,54,28,91,47,45,23,4,2,25,25,147,77,39,20,***,***,***,***,0,***
8,5.50E+25,OKC Charter: Dove Science Acad,2019,14,10,73,53,38,28,13,9,37,37,23,17,51,37,39,28,25,18,46,46
8,55G004,Astec Charters,2019,41,27,85,55,23,15,5,3,18,18,68,44,***,***,16,10,***,***,10,10
8,55G008,Epic Blended Learning Charter,2019,206,35,240,41,119,20,24,4,24,24,405,68,124,21,43,7,22,4,11,11
8,55I001,Putnam City,2019,343,29,493,41,266,22,95,8,30,30,559,47,353,30,159,13,124,10,23,23
8,55I003,Luther,2019,18,33,27,49,***,***,***,***,0,***,26,47,***,***,4,7,***,***,7,7
8,55I004,Choctaw-Nicoma Park,2019,69,16,216,50,122,28,27,6,34,34,172,40,171,40,51,12,35,8,20,20
8,55I006,Deer Creek,2019,38,8,184,39,160,34,90,19,53,53,84,18,147,31,111,24,130,28,52,52
8,55I007,Harrah,2019,33,23,62,43,36,25,13,9,34,34,72,50,43,30,17,12,11,8,20,20
8,55I009,Jones,2019,14,18,38,48,23,29,5,6,35,35,22,28,27,34,21,26,10,13,39,39
8,55I012,Edmond,2019,277,15,686,38,547,30,286,16,46,46,535,30,607,34,331,18,323,18,36,36
8,55I037,Millwood,2019,***,***,24,39,4,7,***,***,7,7,54,89,6,10,***,***,***,***,0,***
8,55I041,Western Heights,2019,98,51,72,38,16,8,6,3,11,11,154,81,25,13,7,4,5,3,7,7
8,55I052,Midwest City-Del City,2019,306,33,439,47,145,16,38,4,20,20,590,64,221,24,62,7,48,5,12,12
8,55I053,Crooked Oak,2019,37,39,***,***,10,10,***,***,10,10,51,53,***,***,10,10,***,***,10,10
8,55I088,Bethany,2019,13,11,52,43,41,34,14,12,46,46,20,17,36,30,32,27,32,27,54,54
8,55I089,Oklahoma City,2019,864,45,754,39,237,12,67,3,15,15,1233,64,473,25,149,8,64,3,11,11
8,55Z001,Epic One On One Charter School,2019,459,38,523,43,200,16,36,3,19,19,914,75,213,18,60,5,30,2,7,7
8,55Z002,Oklahoma Virtual Charter Acad,2019,75,36,85,41,41,20,8,4,24,24,139,67,45,22,18,9,7,3,12,12
8,55Z003,Oklahoma Connections Academy,2019,26,26,44,44,23,23,6,6,29,29,62,63,23,23,8,8,6,6,14,14
8,55Z004,Insight School of Oklahoma,2019,54,59,35,38,***,***,***,***,0,***,83,90,***,***,***,***,***,***,0,***
8,56C011,Twin Hills,2019,9,24,13,34,***,***,***,***,0,***,12,32,11,29,9,24,6,16,40,40
8,56I001,Okmulgee,2019,50,61,23,28,5,6,4,5,11,11,65,79,13,16,***,***,***,***,0,***
8,56I002,Henryetta,2019,27,34,***,***,16,20,***,***,20,20,***,***,24,30,5,6,***,***,6,6
8,56I003,Morris,2019,12,16,39,53,18,25,4,5,30,30,36,49,28,38,5,7,4,5,12,12
8,56I004,Beggs,2019,16,22,41,55,***,***,***,***,0,***,41,55,32,43,***,***,***,***,0,***
8,56I005,Preston,2019,5,15,16,47,***,***,***,***,0,***,15,44,***,***,6,18,***,***,18,18
8,56I006,Schulter,2019,***,***,***,***,***,***,***,***,0,***,***,***,***,***,***,***,***,***,0,***
8,56I007,Wilson,2019,***,***,4,25,4,25,***,***,25,25,10,63,6,38,***,***,***,***,0,***
8,56I008,Dewar,2019,11,44,13,52,***,***,***,***,0,***,***,***,4,16,***,***,***,***,0,***
8,57C003,Osage Hills,2019,***,***,***,***,***,***,***,***,0,***,***,***,***,***,***,***,***,***,0,***
8,57C007,Bowring,2019,***,***,***,***,***,***,***,***,0,***,***,***,***,***,***,***,***,***,0,***
8,57C035,Avant,2019,***,***,***,***,***,***,***,***,0,***,***,***,***,***,***,***,***,***,0,***
8,57I002,Pawhuska,2019,***,***,24,51,8,17,***,***,17,17,24,51,17,36,***,***,***,***,0,***
8,57I011,Shidler,2019,5,29,***,***,5,29,***,***,29,29,7,41,7,41,***,***,***,***,0,***
8,57I029,Barnsdall,2019,5,33,9,60,***,***,***,***,0,***,5,33,8,53,***,***,***,***,0,***
8,57I030,Wynona,2019,***,***,6,60,***,***,***,***,0,***,8,80,***,***,***,***,***,***,0,***
8,57I038,Hominy,2019,***,***,19,54,5,14,***,***,14,14,23,66,9,26,***,***,***,***,0,***
8,57I050,Prue,2019,4,21,8,42,***,***,***,***,0,***,5,26,8,42,***,***,***,***,0,***
8,57I090,Woodland,2019,7,26,17,63,***,***,***,***,0,***,16,59,10,37,***,***,***,***,0,***
8,58I001,Wyandotte,2019,***,***,16,35,9,20,***,***,20,20,33,70,9,19,***,***,***,***,0,***
8,58I014,Quapaw,2019,***,***,13,39,7,21,***,***,21,21,***,***,9,27,***,***,***,***,0,***
8,58I018,Commerce,2019,11,24,***,***,12,27,***,***,27,27,12,27,12,27,13,29,8,18,47,47
8,58I023,Miami,2019,32,28,56,49,21,18,6,5,23,23,***,***,36,31,9,8,***,***,8,8
8,58I026,Afton,2019,15,41,16,43,***,***,***,***,0,***,28,76,5,14,***,***,***,***,0,***
8,58I031,Fairland,2019,18,32,***,***,14,25,***,***,25,25,19,34,15,27,15,27,7,13,40,40
8,59C002,Jennings,2019,***,***,7,44,5,31,***,***,31,31,9,56,5,31,***,***,***,***,0,***
8,59I001,Pawnee,2019,7,19,17,47,8,22,4,11,33,33,25,69,7,19,***,***,***,***,0,***
8,59I006,Cleveland,2019,34,34,38,38,17,17,10,10,27,27,45,45,36,36,14,14,4,4,18,18
8,60C104,Oak Grove,2019,***,***,4,40,***,***,***,***,0,***,***,***,6,60,***,***,***,***,0,***
8,60I003,Ripley,2019,11,31,13,37,***,***,***,***,0,***,24,69,8,23,***,***,***,***,0,***
8,60I016,Stillwater,2019,62,16,145,36,122,31,71,18,49,49,132,33,106,27,68,17,90,23,40,40
8,60I056,Perkins-Tryon,2019,31,29,48,45,23,21,5,5,26,26,61,57,***,***,10,9,***,***,9,9
8,60I067,Cushing,2019,38,31,60,49,***,***,***,***,0,***,38,31,49,40,23,19,12,10,29,29
8,60I101,Glencoe,2019,11,46,***,***,4,17,***,***,17,17,14,58,6,25,***,***,***,***,0,***
8,60I103,Yale,2019,10,42,10,42,***,***,***,***,0,***,7,29,12,50,***,***,***,***,0,***
8,61C009,Krebs,2019,5,20,***,***,5,20,***,***,20,20,10,40,12,48,***,***,***,***,0,***
8,61C029,Frink-Chambers,2019,***,***,12,35,***,***,6,18,18,18,8,24,20,59,***,***,***,***,0,***
8,61C056,Tannehill,2019,***,***,***,***,***,***,***,***,0,***,***,***,***,***,***,***,***,***,0,***
8,61C088,Haywood,2019,4,31,5,38,***,***,***,***,0,***,6,46,5,38,***,***,***,***,0,***
8,6.10E+21,Carlton Landing Academy,2019,***,***,***,***,***,***,***,***,0,***,***,***,***,***,***,***,***,***,0,***
8,61I001,Hartshorne,2019,21,40,24,46,***,***,***,***,0,***,***,***,22,42,10,19,***,***,19,19
8,61I002,Canadian,2019,14,39,***,***,7,19,***,***,19,19,18,50,***,***,4,11,***,***,11,11
8,61I011,Haileyville,2019,4,17,***,***,4,17,***,***,17,17,13,57,7,30,***,***,***,***,0,***
8,61I014,Kiowa,2019,***,***,8,44,***,***,5,28,28,28,6,33,8,44,***,***,***,***,0,***
8,61I017,Quinton,2019,***,***,14,45,4,13,***,***,13,13,25,81,***,***,***,***,***,***,0,***
8,61I025,Indianola,2019,***,***,4,40,***,***,***,***,0,***,6,60,***,***,***,***,***,***,0,***
8,61I028,Crowder,2019,8,29,***,***,5,18,***,***,18,18,14,50,10,36,***,***,***,***,0,***
8,61I030,Savanna,2019,***,***,13,57,4,17,***,***,17,17,11,48,***,***,7,30,***,***,30,30
8,61I063,Pittsburg,2019,4,40,5,50,***,***,***,***,0,***,9,90,***,***,***,***,***,***,0,***
8,61I080,Mcalester,2019,49,26,73,39,52,28,15,8,36,36,84,45,61,32,20,11,23,12,23,23
8,62I001,Allen,2019,13,33,21,54,***,***,***,***,0,***,28,72,9,23,***,***,***,***,0,***
8,62I009,Vanoss,2019,21,43,***,***,9,18,***,***,18,18,***,***,12,24,4,8,***,***,8,8
8,62I016,Byng,2019,17,17,43,42,31,30,11,11,41,41,42,41,41,40,13,13,6,6,19,19
8,62I019,Ada,2019,44,28,70,45,28,18,13,8,26,26,59,39,66,43,16,10,12,8,18,18
8,62I024,Latta,2019,7,13,19,35,14,26,14,26,52,52,13,24,16,30,15,28,10,19,47,47
8,62I030,Stonewall,2019,5,23,***,***,5,23,***,***,23,23,10,45,9,41,***,***,***,***,0,***
8,62I037,Roff,2019,***,***,11,48,7,30,***,***,30,30,***,***,10,43,7,30,***,***,30,30
8,63C027,Grove,2019,6,16,11,29,15,39,6,16,55,55,11,29,14,37,4,11,9,24,35,35
8,63C029,Pleasant Grove,2019,***,***,9,75,***,***,***,***,0,***,11,92,***,***,***,***,***,***,0,***
8,63C032,South Rock Creek,2019,***,***,11,39,10,36,***,***,36,36,5,18,9,32,4,14,10,36,50,50
8,63I001,Mcloud,2019,26,21,60,48,31,25,8,6,31,31,64,51,42,34,10,8,9,7,15,15
8,63I002,Dale,2019,***,***,17,38,16,36,***,***,36,36,***,***,25,56,5,11,***,***,11,11
8,63I003,Bethel,2019,16,17,36,38,35,36,9,9,45,45,32,33,33,34,23,24,8,8,32,32
8,63I004,Macomb,2019,12,52,8,35,***,***,***,***,0,***,16,70,4,17,***,***,***,***,0,***
8,63I005,Earlsboro,2019,4,22,11,61,***,***,***,***,0,***,13,72,4,22,***,***,***,***,0,***
8,63I010,North Rock Creek,2019,18,24,34,45,19,25,5,7,32,32,37,49,17,22,13,17,9,12,29,29
8,63I092,Tecumseh,2019,23,14,103,62,32,19,8,5,24,24,76,46,62,38,21,13,6,4,17,17
8,63I093,Shawnee,2019,57,26,88,40,57,26,20,9,35,35,133,61,54,25,19,9,12,6,15,15
8,63I112,Asher,2019,4,22,7,39,***,***,***,***,0,***,7,39,9,50,***,***,***,***,0,***
8,63I115,Wanette,2019,***,***,***,***,***,***,***,***,0,***,***,***,***,***,***,***,***,***,0,***
8,63I117,Maud,2019,***,***,9,64,***,***,***,***,0,***,***,***,4,29,***,***,***,***,0,***
8,64C002,Albion,2019,***,***,***,***,***,***,***,***,0,***,***,***,***,***,***,***,***,***,0,***
8,64C004,Tuskahoma,2019,***,***,***,***,***,***,***,***,0,***,***,***,***,***,***,***,***,***,0,***
8,64C015,Nashoba,2019,***,***,***,***,***,***,***,***,0,***,***,***,***,***,***,***,***,***,0,***
8,64I001,Rattan,2019,12,29,18,44,***,***,***,***,0,***,18,44,9,22,8,20,6,15,35,35
8,64I010,Clayton,2019,5,28,9,50,***,***,***,***,0,***,8,44,5,28,***,***,***,***,0,***
8,64I013,Antlers,2019,19,29,***,***,14,22,***,***,22,22,28,43,20,31,9,14,8,12,26,26
8,64I022,Moyers,2019,***,***,4,33,***,***,***,***,0,***,10,83,***,***,***,***,***,***,0,***
8,65I003,Leedey,2019,***,***,5,45,4,36,***,***,36,36,***,***,6,55,***,***,***,***,0,***
8,65I006,Reydon,2019,***,***,***,***,***,***,***,***,0,***,***,***,***,***,***,***,***,***,0,***
8,65I007,Cheyenne,2019,***,***,9,45,***,***,4,20,20,20,***,***,8,40,***,***,6,30,30,30
8,65I015,Sweetwater,2019,***,***,6,43,6,43,***,***,43,43,***,***,4,29,4,29,***,***,29,29
8,65I066,Hammon,2019,4,22,8,44,***,***,***,***,0,***,10,56,6,33,***,***,***,***,0,***
8,66C009,Justus-Tiawah,2019,7,14,24,49,***,***,***,***,0,***,15,31,24,49,5,10,5,10,20,20
8,66I001,Claremore,2019,49,19,125,49,64,25,17,7,32,32,130,51,75,29,25,10,25,10,20,20
8,66I002,Catoosa,2019,40,31,61,48,22,17,4,3,20,20,57,45,35,28,25,20,10,8,28,28
8,66I003,Chelsea,2019,***,***,28,50,10,18,***,***,18,18,31,55,***,***,4,7,***,***,7,7
8,66I004,Oologah-Talala,2019,23,18,64,50,27,21,13,10,31,31,74,58,33,26,12,9,8,6,15,15
8,66I005,Inola,2019,34,38,35,39,15,17,5,6,23,23,46,52,28,31,7,8,8,9,17,17
8,66I006,Sequoyah,2019,5,7,35,50,21,30,9,13,43,43,20,29,31,44,12,17,7,10,27,27
8,66I007,Foyil,2019,22,59,12,32,***,***,***,***,0,***,29,78,7,19,***,***,***,***,0,***
8,66I008,Verdigris,2019,20,19,48,45,32,30,7,7,37,37,56,54,28,27,***,***,***,***,0,***
8,67C054,Justice,2019,***,***,4,40,***,***,***,***,0,***,8,80,***,***,***,***,***,***,0,***
8,67I001,Seminole,2019,32,29,***,***,20,18,***,***,18,18,64,58,34,31,***,***,***,***,0,***
8,67I002,Wewoka,2019,13,30,17,39,***,***,***,***,0,***,***,***,13,30,6,14,***,***,14,14
8,67I003,Bowlegs,2019,4,27,9,60,***,***,***,***,0,***,12,80,***,***,***,***,***,***,0,***
8,67I004,Konawa,2019,14,33,***,***,8,19,***,***,19,19,18,43,***,***,9,21,***,***,21,21
8,67I006,New Lima,2019,***,***,12,57,5,24,***,***,24,24,5,24,7,33,***,***,***,***,0,***
8,67I007,Varnum,2019,***,***,10,56,5,28,***,***,28,28,***,***,6,33,4,22,***,***,22,22
8,67I010,Sasakwa,2019,10,83,***,***,***,***,***,***,0,***,7,54,***,***,***,***,***,***,0,***
8,67I014,Strother,2019,16,40,***,***,4,10,***,***,10,10,16,40,15,38,***,***,***,***,0,***
8,67I015,Butner,2019,4,25,***,***,5,31,***,***,31,31,10,63,4,25,***,***,***,***,0,***
8,68C001,Liberty,2019,6,35,7,41,***,***,***,***,0,***,6,35,7,41,***,***,***,***,0,***
8,68C035,Marble City,2019,***,***,***,***,***,***,***,***,0,***,***,***,***,***,***,***,***,***,0,***
8,68C036,Brushy,2019,***,***,18,51,5,14,***,***,14,14,9,26,15,43,4,11,7,20,31,31
8,68C050,Belfonte,2019,4,33,6,50,***,***,***,***,0,***,***,***,4,33,***,***,***,***,0,***
8,68C068,Moffett,2019,***,***,5,26,10,53,***,***,53,53,8,42,7,37,***,***,***,***,0,***
8,68I001,Sallisaw,2019,32,26,45,37,36,30,9,7,37,37,47,39,45,37,14,12,15,12,24,24
8,68I002,Vian,2019,9,16,26,45,18,31,5,9,40,40,***,***,21,36,4,7,***,***,7,7
8,68I003,Muldrow,2019,17,19,32,36,26,29,14,16,45,45,25,28,28,31,20,22,16,18,40,40
8,68I004,Gans,2019,8,27,11,37,***,***,***,***,0,***,21,70,7,23,***,***,***,***,0,***
8,68I005,Roland,2019,20,33,24,39,***,***,***,***,0,***,37,60,***,***,6,10,***,***,10,10
8,68I006,Gore,2019,***,***,23,51,11,24,***,***,24,24,23,51,***,***,***,***,***,***,0,***
8,68I007,Central,2019,12,41,***,***,4,14,***,***,14,14,18,62,9,31,***,***,***,***,0,***
8,69C082,Grandview,2019,***,***,***,***,***,***,***,***,0,***,***,***,***,***,***,***,***,***,0,***
8,69I001,Duncan,2019,39,20,98,50,49,25,10,5,30,30,73,38,72,37,36,19,12,6,25,25
8,69I002,Comanche,2019,11,14,36,46,25,32,7,9,41,41,***,***,27,34,13,16,***,***,16,16
8,69I003,Marlow,2019,14,15,45,49,28,30,5,5,35,35,26,28,30,33,21,23,15,16,39,39
8,69I015,Velma-Alma,2019,***,***,18,44,10,24,***,***,24,24,***,***,15,37,5,12,***,***,12,12
8,69I021,Empire,2019,11,33,10,30,8,24,4,12,36,36,***,***,7,21,4,12,***,***,12,12
8,69I034,Central High,2019,***,***,13,41,6,19,***,***,19,19,***,***,9,28,***,***,***,***,0,***
8,69I042,Bray-Doyle,2019,***,***,10,40,6,24,***,***,24,24,***,***,7,28,6,24,***,***,24,24
8,70I001,Yarbrough,2019,***,***,***,***,***,***,***,***,0,***,***,***,***,***,***,***,***,***,0,***
8,70I008,Guymon,2019,80,36,96,43,37,17,8,4,21,21,137,62,58,26,17,8,9,4,12,12
8,70I015,Hardesty,2019,***,***,***,***,***,***,***,***,0,***,***,***,***,***,***,***,***,***,0,***
8,70I023,Hooker,2019,***,***,24,48,6,12,***,***,12,12,***,***,26,52,4,8,***,***,8,8
8,70I053,Tyrone,2019,5,22,***,***,5,22,***,***,22,22,15,65,7,30,***,***,***,***,0,***
8,70I060,Goodwell,2019,4,15,9,33,9,33,5,19,52,52,8,30,14,52,***,***,***,***,0,***
8,70I061,Texhoma,2019,6,23,14,54,***,***,***,***,0,***,9,35,11,42,***,***,***,***,0,***
8,71C009,Davidson,2019,***,***,***,***,***,***,***,***,0,***,***,***,***,***,***,***,***,***,0,***
8,71I008,Tipton,2019,5,25,12,60,***,***,***,***,0,***,15,75,4,20,***,***,***,***,0,***
8,71I158,Frederick,2019,***,***,24,40,23,38,***,***,38,38,14,23,21,35,15,25,10,17,42,42
8,71I249,Grandfield,2019,8,47,5,29,***,***,***,***,0,***,10,56,4,22,***,***,***,***,0,***
8,72C015,Keystone,2019,5,15,***,***,6,18,***,***,18,18,20,59,10,29,***,***,***,***,0,***
8,7.20E+05,Tulsa Charter: Schl Arts/Sci,2019,19,26,33,46,16,22,4,6,28,28,***,***,15,21,5,7,***,***,7,7
8,7.20E+06,Tulsa Charter: Kipp Tulsa,2019,26,33,***,***,15,19,***,***,19,19,31,39,33,42,10,13,5,6,19,19
8,7.20E+07,Tulsa Legacy Charter School,2019,***,***,17,47,6,17,***,***,17,17,21,58,9,25,***,***,***,***,0,***
8,7.20E+19,Tulsa Charter: Honor Academy,2019,22,23,41,42,24,25,10,10,35,35,25,26,37,38,20,21,15,15,36,36
8,7.20E+20,Tulsa Charter: Collegiate Hall,2019,***,***,15,47,13,41,***,***,41,41,***,***,13,41,7,22,***,***,22,22
8,72G003,Dove Schools of Tulsa,2019,34,32,50,47,18,17,4,4,21,21,13,12,31,30,32,30,29,28,58,58
8,72I001,Tulsa,2019,757,42,697,38,266,15,91,5,20,20,1225,68,397,22,108,6,74,4,10,10
8,72I002,Sand Springs,2019,95,26,164,45,84,23,24,7,30,30,221,60,103,28,23,6,19,5,11,11
8,72I003,Broken Arrow,2019,330,25,564,43,306,23,113,9,32,32,679,52,408,31,148,11,74,6,17,17
8,72I004,Bixby,2019,84,18,202,44,131,28,46,10,38,38,73,16,155,34,115,25,118,26,51,51
8,72I005,Jenks,2019,161,19,343,41,223,27,102,12,39,39,307,37,247,30,132,16,144,17,33,33
8,72I006,Collinsville,2019,43,22,88,45,46,24,18,9,33,33,65,34,79,41,24,12,26,13,25,25
8,72I007,Skiatook,2019,29,18,75,47,45,28,11,7,35,35,43,27,69,43,31,19,17,11,30,30
8,72I008,Sperry,2019,16,21,30,38,24,31,8,10,41,41,47,60,16,21,5,6,10,13,19,19
8,72I009,Union,2019,360,33,455,41,209,19,81,7,26,26,474,43,292,27,151,14,182,17,31,31
8,72I010,Berryhill,2019,18,21,35,41,21,24,12,14,38,38,47,55,17,20,14,16,8,9,25,25
8,72I011,Owasso,2019,121,18,307,45,190,28,68,10,38,38,240,35,224,33,100,15,114,17,32,32
8,72I013,Glenpool,2019,45,23,98,49,41,21,15,8,29,29,80,40,74,37,30,15,15,8,23,23
8,72I014,Liberty,2019,***,***,23,52,4,9,***,***,9,9,***,***,13,30,4,9,***,***,9,9
8,73I001,Okay,2019,***,***,12,57,5,24,***,***,24,24,16,76,4,19,***,***,***,***,0,***
8,73I017,Coweta,2019,73,30,100,41,52,21,17,7,28,28,123,50,78,32,31,13,15,6,19,19
8,73I019,Wagoner,2019,40,27,68,45,35,23,7,5,28,28,83,55,52,34,7,5,9,6,11,11
8,73I365,Porter Consolidated,2019,24,48,18,36,***,***,***,***,0,***,***,***,4,8,***,***,***,***,0,***
8,74I004,Copan,2019,6,46,6,46,***,***,***,***,0,***,5,38,7,54,***,***,***,***,0,***
8,74I007,Dewey,2019,35,32,50,46,19,18,4,4,22,22,46,43,43,40,10,9,9,8,17,17
8,74I018,Caney Valley,2019,20,36,***,***,10,18,***,***,18,18,***,***,18,32,11,20,***,***,20,20
8,74I030,Bartlesville,2019,89,23,173,44,91,23,39,10,33,33,135,35,117,30,72,19,65,17,36,36
8,75I001,Sentinel,2019,***,***,12,48,4,16,***,***,16,16,13,52,7,28,***,***,***,***,0,***
8,75I010,Burns Flat-Dill City,2019,16,37,23,53,***,***,***,***,0,***,27,63,***,***,4,9,***,***,9,9
8,75I011,Canute,2019,***,***,12,55,5,23,***,***,23,23,5,23,7,32,5,23,5,23,46,46
8,75I078,Cordell,2019,6,13,20,43,12,26,9,19,45,45,10,21,16,34,7,15,14,30,45,45
8,76I001,Alva,2019,22,39,21,37,***,***,***,***,0,***,***,***,15,26,6,11,***,***,11,11
8,76I003,Waynoka,2019,***,***,8,53,5,33,***,***,33,33,5,33,***,***,***,***,***,***,0,***
8,76I006,Freedom,2019,***,***,***,***,***,***,***,***,0,***,***,***,***,***,***,***,***,***,0,***
8,77I001,Woodward,2019,51,28,79,44,37,20,14,8,28,28,96,53,48,27,25,14,11,6,20,20
8,77I002,Mooreland,2019,4,13,16,50,***,***,***,***,0,***,8,25,11,34,9,28,4,13,41,41
8,77I003,Sharon-Mutual,2019,***,***,7,47,6,40,***,***,40,40,8,53,***,***,***,***,***,***,0,***
8,77I005,Fort Supply,2019,***,***,6,46,5,38,***,***,38,38,5,38,5,38,***,***,***,***,0,***